gene,sod
TMEM158,1.0732
COL6A2,1.0673
COL6A1,1.0471
IGFBP7,1.038
ME1,1.0276
VEGFA,0.9433
CAMK2N1,0.9402
BASP1,0.9358
FN1,0.9281
PLAUR,0.9252
ARL4C,0.9159
UBE2C,0.8816
SMAGP,0.8764
ARHGAP22,0.8652
LTBP1,0.8629
MMP2,0.8621
CENPE,0.8577
TOX2,0.8499
CCNB1,0.8469
RAB27B,0.8143
C1R,0.8141
PRKCA,0.8141
NRP1,0.8135
TIMP3,0.8129
C1S,0.8096
PCOLCE,0.8084
IL6ST,0.8047
STX1A,0.7951
MYH15,0.7778
SFRP1,0.7765
F2R,0.7734
STC1,0.7706
IER5L,0.7663
SRGN,0.7653
AC016831.7,0.76
AKR1B1,0.7591
DPYSL2,0.7515
PRNP,0.7512
LYPD6,0.7388
LACC1,0.7377
MCTP2,0.7366
IRS1,0.7326
NNMT,0.7313
OLFML3,0.7312
HJURP,0.7177
BGN,0.7172
SLC12A8,0.7164
NDRG1,0.7133
STEAP3,0.7125
SPOCK1,0.7125
SNED1,0.7116
CDA,0.7105
SIRPB1,0.7099
PMEPA1,0.7012
PRSS35,0.6959
TSNARE1,0.6952
CCPG1,0.6942
PRR9,0.6936
ITGA11,0.6923
MTSS1,0.6857
ITGA2,0.6838
PDGFRA,0.6819
FAM83D,0.6782
WNT5A,0.678
PHLDB2,0.6769
CMKLR1,0.6763
EGFR,0.6758
NEK2,0.6745
VEGFC,0.6668
MYOF,0.6631
WISP1,0.6586
NRG1,0.6585
ERRFI1,0.643
ABHD17C,0.6423
BIN1,0.6396
STEAP1,0.6366
KCNN4,0.624
MYEOV,0.6184
COL1A1,0.6182
LOXL2,0.6123
IFIT1,0.6098
PDGFA,0.6046
ANTXR2,0.6046
CSF1,0.6019
AQP1,0.6013
DDIT3,0.5972
ITGA5,0.5956
SLC16A6,0.5935
MMP1,0.5927
COL15A1,0.5926
DNER,0.5893
ANKRD29,0.5851
TGM2,0.5777
GBP2,0.5731
ENPP1,0.573
RAB31,0.5658
SPP1,0.5638
IGFBP2,0.5636
LMO2,0.5552
TSPAN5,0.5546
MAP1B,0.5542
BDNF,0.5531
ADM,0.5529
CDKN1A,0.5521
DRAM1,0.5502
FGF1,0.5474
RANBP3L,0.5458
FZD7,0.5427
SPOCD1,0.5422
IL3RA,0.5382
AXL,0.5358
DGAT2,0.5338
SDC1,0.5337
MEIS3,0.5319
RGS1,0.5281
SOCS3,0.5267
NOV,0.519
AC092807.3,0.516
NLRP1,0.5152
IRF1,0.5132
FHL1,0.5121
OLFML2B,0.5108
SORBS2,0.5099
S100A4,0.5073
FSCN1,0.5065
ANXA1,0.5006
PECAM1,0.5002
SCG2,0.4995
NDC80,0.498
FAP,0.4971
CEMIP,0.4926
LURAP1L,0.4915
NUPR1,0.4893
SAMD9L,0.489
ATP2B1-AS1,0.4886
S100A3,0.4868
TNC,0.484
SPRR2D,0.4803
MIR222HG,0.4791
FOSL1,0.4789
PGM2L1,0.4784
CDKN2B,0.4726
CDH13,0.4706
TGIF1,0.4675
CCL2,0.467
IRF9,0.4663
SRPX2,0.4612
CD70,0.4605
TFPI2,0.4596
OASL,0.4587
CCNF,0.4565
MVP,0.4564
CITED2,0.4549
TFPI,0.4547
CST7,0.4538
AC093673.1,0.4534
G0S2,0.4523
TNFRSF1B,0.4522
BDKRB1,0.4515
BCL3,0.4507
HTRA1,0.4499
CEBPD,0.4469
TFAP2C,0.4455
FAIM2,0.4455
C14orf132,0.4446
FAM43A,0.443
ASNS,0.442
NTM,0.4386
KIFC1,0.4383
EDIL3,0.4368
ATP1B1,0.4368
CCNE2,0.4362
NGFR,0.4344
BST2,0.4343
SLIT2,0.4318
SNAP25,0.431
RBM47,0.4309
NEIL3,0.428
LINC00513,0.4272
SMIM3,0.4263
BBC3,0.4234
TMEM92,0.4228
CD163L1,0.4213
RGS2,0.4191
PIF1,0.4184
PLXNC1,0.4181
THBS1,0.4167
KIF20A,0.416
SCG5,0.4137
CPA4,0.4119
PID1,0.4103
CCDC102B,0.4091
FAM20C,0.4087
TTK,0.4078
LHX8,0.4058
IL11,0.4045
KCNE4,0.404
RGS9,0.4038
NR2F1,0.3989
PAPPA,0.3985
SOCS1,0.3957
MET,0.3922
FAM129A,0.3918
SERPINB8,0.3902
COL5A1,0.3901
KIF18A,0.3893
CRIM1,0.3887
AC099552.1,0.3864
TNFAIP6,0.3851
MICAL2,0.385
IFI44,0.3824
CHST1,0.3818
HRH1,0.3797
PTPN22,0.3791
TGFBR2,0.3782
ITGA1,0.3758
SPAG5,0.3746
ITGB8,0.3742
AC020916.1,0.3729
CDR2L,0.3703
SEL1L3,0.3686
SERINC2,0.3667
EXO1,0.363
LINC00973,0.3598
IL6,0.3587
AK5,0.3586
LYPD6B,0.3572
SLC35E4,0.3564
IFI44L,0.3558
MYLK,0.355
RORB,0.3544
OAS2,0.3532
A2M,0.3519
IGFN1,0.3513
TMEM119,0.3507
GLIPR1,0.3501
C3AR1,0.3496
RGS3,0.3482
C16orf45,0.3478
FOXC2,0.3473
FOSB,0.3473
EPAS1,0.3453
IL1B,0.3447
EREG,0.3442
CACNG8,0.343
CYTIP,0.3402
MAP1A,0.3396
ANGPT1,0.3394
PLXDC2,0.3385
SKIL,0.3385
LINC01239,0.3357
IFIT2,0.3352
FAM110A,0.3338
KIF18B,0.3338
IRF7,0.3312
DLX2,0.3312
KIF15,0.3295
MRC2,0.3288
ID2,0.3279
COL18A1,0.3271
ITPRIP,0.3265
GPR68,0.3263
POU2F2,0.3245
AL034376.1,0.323
JUN,0.322
EHD2,0.3217
PDGFC,0.3201
RGL1,0.3199
JAM2,0.3197
C3,0.3196
COL8A1,0.3154
FGFBP2,0.3145
FHOD3,0.3138
NLRC5,0.3134
GALNT18,0.311
PDGFRB,0.3098
E2F8,0.3095
CAMP,0.3091
PTGS2,0.3058
HSD11B1,0.3038
GDF15,0.3035
SEMA3A,0.3032
IQSEC2,0.3026
KCNJ15,0.3025
SETBP1,0.3024
SERTAD4-AS1,0.3019
TTC39C,0.3003
NRG2,0.3003
PMAIP1,0.2997
DPEP1,0.2965
VASN,0.2964
FOXF1,0.2956
CTSS,0.2951
LIFR,0.2948
SLC7A11,0.2946
AC092069.1,0.2935
KCNJ2,0.293
EFNB1,0.2927
C1QL1,0.2925
MGAT5B,0.2912
CYP27C1,0.2911
DLX1,0.291
LINC00520,0.2902
GBP3,0.2887
LINC00632,0.2882
RPS6KA2,0.2872
ZFP36,0.2866
F2RL1,0.286
FZD1,0.2838
ZNF385D,0.2835
PHKG1,0.2834
KLF2,0.2831
C15orf48,0.2825
RAD54L,0.2792
RARRES3,0.279
NRROS,0.2785
DPYD,0.2783
PTGIR,0.2737
FZD8,0.2733
GLI2,0.2717
IL1R1,0.2714
LINC00326,0.271
SLC17A7,0.2701
GADD45B,0.2699
HIST1H2BD,0.2687
ATOH8,0.2686
DEPDC1B,0.267
ADTRP,0.2666
TNFSF10,0.2657
HIVEP3,0.2653
BEND6,0.2627
VIPR1,0.2623
PBXIP1,0.2618
GPC6,0.2604
COL6A5,0.2599
STEAP2,0.2597
BRIP1,0.2595
EGR1,0.2588
AHR,0.2581
CCL5,0.2571
CLU,0.2565
NR2F1-AS1,0.2559
PPY,0.2555
AC009139.1,0.2527
CACNA2D3,0.2519
LINC00996,0.2517
TBX3,0.2514
MAFF,0.251
LINC00877,0.2509
ELL2,0.2501
VDR,0.2484
IQCD,0.2476
SLC37A2,0.247
FGFRL1,0.2469
CHST15,0.2465
ARRDC3,0.2464
LINC00882,0.246
AC010864.1,0.2442
HES7,0.2381
FAM111B,0.2378
SPON2,0.2361
CALCOCO1,0.2361
PAK6,0.236
AFAP1,0.2356
E2F2,0.2354
SNCG,0.2353
C5orf66,0.2342
GDF5,0.2333
APOL6,0.233
CASP1,0.2308
SOX9,0.2298
BATF3,0.2279
GPR39,0.2276
CCDC80,0.227
LIF,0.2266
ZNF175,0.2254
CDC42EP5,0.2244
XAF1,0.2241
MXD3,0.2228
PTPRF,0.2218
AP003068.2,0.2208
LINC02081,0.2206
SKA1,0.2194
ERCC6L,0.2189
AGT,0.2176
DDX60,0.2169
GPR176,0.2153
CST2,0.2149
BCAM,0.2144
PRDM8,0.2137
THEMIS2,0.2129
NEXN,0.2089
IL7R,0.2081
KIAA1217,0.2066
LAPTM5,0.2065
MTUS2,0.2063
SLCO5A1,0.2057
FAM19A3,0.2046
SHISAL1,0.2027
PRELP,0.2022
BORA,0.2017
IGFBP5,0.2017
CHST2,0.2006
RTL5,0.2002
GAS6,0.1988
SMOX,0.1987
NMRK2,0.1982
ZEB1,0.1977
NLRP3,0.1971
KLF10,0.1968
ADAMTSL1,0.1967
NDST3,0.1961
ADAMTS12,0.1953
SLIT1,0.1951
LUCAT1,0.1948
FGF5,0.1948
RASGRP3,0.1938
GAS1,0.1937
HECW2,0.1935
GUCY1A2,0.1934
RERG,0.1933
KCNN3,0.1933
BCAS4,0.1931
SERPINE1,0.1929
GREM2,0.1923
CITED1,0.1916
NEGR1,0.1914
LINC01970,0.1895
AMOTL2,0.1882
SLC22A4,0.1879
HIST1H1A,0.1878
C5AR1,0.1874
PODNL1,0.1867
EVA1C,0.1858
IL24,0.1844
MIR22HG,0.1841
TMEM59L,0.1826
PRDM7,0.1826
SAPCD2,0.1824
COL13A1,0.1814
BCL6,0.1802
BDKRB2,0.1785
CHST9,0.1784
HSD3B7,0.1781
SLCO4A1-AS1,0.1778
FAS,0.1772
LYPD1,0.1771
BIRC3,0.1765
CHRM3,0.176
CPEB2,0.1758
NUAK1,0.174
FRZB,0.1738
CTGF,0.1722
AMPH,0.1721
AC009495.2,0.1719
ERMN,0.171
MAP3K5,0.171
AKAP3,0.1708
LINC02376,0.1699
ESPL1,0.1698
ERN1,0.1697
PTX3,0.1696
FYB1,0.1695
PLCD4,0.1687
KYNU,0.1684
AL023754.1,0.1684
DMTN,0.1683
ANO10,0.1672
ZFYVE28,0.1665
CCDC159,0.1662
CHN1,0.166
CTNNA1,0.1656
ALOX5AP,0.1652
RETREG1,0.1651
KRT7,0.164
FOXO1,0.1634
LINC01444,0.1622
EPSTI1,0.1613
CLMN,0.161
SH3TC1,0.1605
ALCAM,0.1588
MMP9,0.1585
LMO7-AS1,0.1583
UGT3A2,0.1581
DENND5B,0.158
SLA,0.1578
TG,0.1574
MASTL,0.1567
B3GALT4,0.1556
JADE1,0.1554
DCN,0.1551
RTP4,0.1538
ADAP1,0.1531
LGI3,0.1531
CDC25C,0.1519
PAQR5,0.1514
SBSN,0.1512
Z97200.1,0.1511
MIR210HG,0.1511
SESN2,0.151
IL10,0.1509
SPTLC3,0.1495
TCP11L2,0.1485
ORC1,0.1485
AC011611.4,0.1477
SMTN,0.147
TRIP6,0.1467
KCP,0.1464
TSHZ2,0.1453
ZGRF1,0.1445
STON1,0.1438
MATN1-AS1,0.1437
FBXO43,0.141
FGF2,0.1407
SIGLEC15,0.1404
MOXD1,0.1393
PPFIA2,0.1389
MGST1,0.1388
AMPD3,0.1387
SMAD7,0.1382
CFAP61,0.1378
CACNG7,0.1374
PRRT2,0.1371
CCBE1,0.1365
OIP5,0.1361
VAV3,0.136
CORO2B,0.1359
MYL10,0.1353
POU3F1,0.1353
FMNL1,0.1349
BMPER,0.1347
TOX3,0.1343
CAMTA1-DT,0.1335
TBC1D8,0.1333
MDGA1,0.1311
DYDC2,0.1307
C1RL,0.1307
EFNA5,0.1306
LTBP2,0.1301
CALB2,0.1299
CLDN11,0.1297
RAD54B,0.1297
GPAT3,0.1291
SPACA3,0.129
TINCR,0.1289
C9orf3,0.1284
PAK3,0.1282
ENPP2,0.1282
DUSP1,0.1278
KCTD12,0.1274
RAP1GAP,0.1273
CIITA,0.1273
KCNN2,0.1273
PTPRO,0.127
TMEM45A,0.1262
ATXN1,0.1259
ID3,0.1258
PLK4,0.1257
OR51B5,0.1254
APOD,0.125
PRKCB,0.1249
IL1RN,0.1249
MGP,0.1241
DLGAP1-AS2,0.124
DNMBP,0.1234
TTC39A,0.1232
ST8SIA5,0.1229
GASAL1,0.1221
ARHGEF39,0.1221
SLC4A8,0.1215
PCBP3,0.1207
PTPRD-AS1,0.12
KIAA1671,0.1198
AC090192.2,0.1193
GCNT1,0.1192
ACOX2,0.119
DNAJB9,0.1187
AKR1C3,0.1178
MTFR2,0.117
CRYM,0.1164
WNT5A-AS1,0.1164
DDX47,0.1159
TACC2,0.1157
PRKAG2-AS1,0.1157
TMPO-AS1,0.1153
CSGALNACT1,0.1151
NR1D1,0.1147
DDIAS,0.1146
DKK1,0.1144
RTN4R,0.1144
RASAL2-AS1,0.1144
P2RX6,0.1141
KCNMA1,0.1137
FGF7,0.1137
TICRR,0.1135
DSEL,0.1129
CSRNP1,0.1128
PLCH1-AS1,0.1127
HIST2H2BE,0.1124
AL353708.3,0.112
UCKL1-AS1,0.1117
NAT16,0.1115
MAP3K7CL,0.1112
BMP7,0.1112
AL451060.1,0.1109
IRAK2,0.1105
FZD2,0.1103
CCDC15,0.11
METTL7A,0.1088
RAB11FIP5,0.1086
OTOA,0.1085
KCNG1,0.1072
AC004130.1,0.1069
ALPK1,0.1065
ACTA2,0.1065
LINC00115,0.1063
GLT8D2,0.1063
NCEH1,0.1058
CD22,0.1041
LINC01615,0.1037
HIST2H2BF,0.1037
AC105446.1,0.1034
MYADM,0.1033
LINC00324,0.1032
PNMA1,0.1031
MGLL,0.1029
TRAF1,0.1018
AC239868.3,0.1013
SSC5D,0.1007
OSBPL5,0.1006
SLC31A2,0.1004
PLCL1,0.1004
MMP16,0.1
CST1,0.0996
GATA3,0.0994
TPM2,0.0992
AL139089.1,0.099
CDH2,0.0986
UTRN,0.0984
MIR3681HG,0.098
GDPD5,0.0977
ID1,0.0974
C15orf65,0.0973
DGKI,0.0966
DDR1,0.0965
LBH,0.0965
DENND2D,0.0959
PLA1A,0.0958
MPPED2,0.0958
CDCP1,0.0958
DNM1,0.0957
ALK,0.0955
AC044802.2,0.0952
AC023886.1,0.095
GRAMD1B,0.0947
SLAMF9,0.0945
CTSO,0.094
SPA17,0.094
COL17A1,0.0935
DNA2,0.0929
AC008124.1,0.0929
PPL,0.0926
PTGES,0.0925
NDUFA4L2,0.0923
NECTIN1,0.0919
FJX1,0.0917
AC124016.1,0.0914
PIM1,0.0914
CDK19,0.0912
CPN1,0.0911
GLI3,0.0908
CLMP,0.0907
LINC01583,0.0904
AC090409.1,0.0902
TRIM16L,0.0899
CPNE7,0.089
EIF4E3,0.0889
PLSCR4,0.0886
MARCH3,0.0883
DOK5,0.0882
ISM1,0.088
AL096865.1,0.0875
CRYBG1,0.0867
AL139220.2,0.0865
CCDC150,0.0862
HIST1H2BG,0.086
NBEA,0.0851
AL691432.2,0.0849
DCBLD1,0.0843
NAV3,0.0841
FAR2,0.0841
OSBPL6,0.084
AFAP1L2,0.0837
TMEM132A,0.0836
NMRK1,0.0835
AL035446.1,0.0835
FOXF2,0.0833
TDRKH-AS1,0.0831
CATSPER1,0.0828
KLF4,0.0826
EVI2A,0.0823
TCF4,0.0822
ATP1A4,0.0819
EVI2B,0.0818
NID2,0.0816
FEZF1,0.0816
KLF7,0.0809
ITGAX,0.0808
CCL7,0.0807
AGFG2,0.0799
AKNAD1,0.0798
GATA6,0.0796
AC092040.1,0.0796
ARNTL2,0.0796
EMILIN1,0.0796
FGF14,0.0793
PCDH1,0.0792
CEP128,0.0786
AC021218.1,0.0782
NR1H3,0.078
YPEL2,0.078
LSP1,0.0779
DPF3,0.0771
AARD,0.0768
AC010331.1,0.0767
STAMBPL1,0.0767
LURAP1L-AS1,0.0765
ABCG2,0.0764
SERTAD4,0.0764
TRAC,0.076
CES1,0.0757
OGFRL1,0.0756
FLRT2,0.0745
TNFAIP3,0.0743
DPH6-DT,0.0736
SLC48A1,0.0736
MAST1,0.0728
SERPINB2,0.0728
SPEG,0.0727
FAM131C,0.0726
CSF1R,0.0726
RHOB,0.072
AL157937.1,0.0714
HTR7,0.0712
JPH1,0.071
CDH19,0.0708
ANKS1B,0.0707
CCNG2,0.0706
ZNF367,0.0702
ABCB5,0.0701
PPARGC1A,0.07
LINC02269,0.0694
CMPK2,0.0693
IFI27,0.0691
STC2,0.0685
RIMKLA,0.0683
GPR162,0.0681
CEMIP2,0.0681
SRRM3,0.0669
HIST1H4H,0.0664
MUC12,0.0663
TMEM140,0.0662
AC004241.1,0.0661
SHROOM2,0.0658
BX284668.6,0.0655
AC009948.1,0.0654
TAPT1,0.0651
HIST1H2BJ,0.0651
TTLL7,0.0649
CENPI,0.0644
RAET1G,0.0637
CNIH2,0.0636
COL14A1,0.0631
PANX2,0.0629
BMPR1B,0.0626
APH1B,0.0624
ASPHD2,0.0622
PHACTR3,0.0622
AL139246.5,0.0618
PCAT6,0.0618
SSBP2,0.0617
KCNJ2-AS1,0.0616
CTXND1,0.0616
BRF2,0.0616
ZNF114,0.0614
PLLP,0.061
THBS3,0.0609
FAM69C,0.0609
SLC9A7,0.0605
VPS9D1,0.0603
GALNT14,0.0596
NUDT7,0.0593
HLA-DMA,0.0592
ZBTB46,0.0592
BICDL1,0.0591
ROBO3,0.0586
ST8SIA4,0.0586
CCL26,0.0586
SESTD1,0.0585
AC005332.5,0.0584
IQGAP2,0.0584
LAT2,0.0578
TK2,0.0572
EGR3,0.0569
AL138885.3,0.0567
AC008764.6,0.0567
MTSS1L,0.0565
JAG1,0.0565
ARL4D,0.0564
PARD6A,0.0564
CD83,0.0562
ZMIZ1-AS1,0.0557
KIAA0040,0.0554
CEP112,0.0553
TOGARAM1,0.0552
SEPT3,0.0551
GLI1,0.0548
SYNE3,0.0546
RIMS2,0.0544
HTATIP2,0.054
FCRLA,0.0538
CLCF1,0.0537
GDNF-AS1,0.0537
PDE7B,0.0536
ITGA7,0.0533
DUSP5,0.053
MAL,0.0528
CREB5,0.0525
HIST1H2AH,0.0525
SPRED3,0.0522
F3,0.0522
SULF2,0.0511
FAM84B,0.0507
MCTP1,0.0506
SLC19A2,0.0505
AC093627.6,0.0504
PCDH18,0.0495
METTL27,0.0495
ABHD8,0.0492
FST,0.0488
FNDC10,0.0488
DOCK5,0.0484
ADAM23,0.0484
CARD6,0.0481
ITGBL1,0.0481
AP000880.1,0.0479
AC003092.1,0.0476
PLPP4,0.0475
AL161935.3,0.0474
DDAH1,0.0474
SLC39A12,0.0473
SLIT3,0.0473
MOB3B,0.0472
HDAC7,0.0469
HPCAL4,0.0469
YOD1,0.0468
AC021188.1,0.0467
SHB,0.0466
TCF7,0.0465
ATP10A,0.0462
TRAIP,0.0456
IL4R,0.0454
EDARADD,0.0453
TOB1,0.0444
MT1E,0.0443
DACT1,0.0442
ZNF264,0.0441
CCNA1,0.044
EBF1,0.0439
TBC1D8B,0.0438
AOX1,0.0435
JPH4,0.0434
AC074327.1,0.0433
H6PD,0.0432
DRD2,0.0432
DMRTA1,0.043
LGI2,0.0424
CA14,0.0423
RMRP,0.0423
LINC01969,0.0422
ASAP3,0.0422
TIAM2,0.0418
SLITRK6,0.0416
KNDC1,0.0413
RALYL,0.0413
SLC8A1,0.0411
PALM2,0.0411
ICOSLG,0.0411
HIST1H3B,0.0411
FAM167A,0.041
TMEM171,0.0409
SQOR,0.0406
ITPKA,0.0403
AC017033.1,0.0402
SPAG4,0.04
AL357060.1,0.0396
PLB1,0.0395
TRERF1,0.0391
LINC01137,0.0391
AL078590.3,0.039
VMO1,0.0377
BCL2,0.0376
MYRFL,0.0376
BTBD8,0.0374
OSGIN1,0.0373
AC017083.1,0.0371
CTRB2,0.0368
AC097534.2,0.0364
RFTN1,0.0363
C18orf54,0.0363
MAMLD1,0.0362
POPDC2,0.0351
CAPN3,0.035
ZSCAN30,0.0349
PFKFB3,0.0347
LINC01152,0.0344
FMN2,0.0343
C1orf112,0.0341
PRRG4,0.0338
CITED4,0.0337
COL9A1,0.0336
ADAMTSL4,0.0334
NBPF19,0.0332
PARD3B,0.033
FAM214B,0.0326
NIM1K,0.0325
KLF12,0.0324
ATG7,0.0321
AC073611.1,0.032
KBTBD8,0.0319
CSAG1,0.0315
RHEBL1,0.0313
CREB3L1,0.031
AC018529.2,0.0309
LIMCH1,0.0309
GPR84,0.0309
RNF150,0.0306
S1PR3,0.0306
NRCAM,0.0305
COL5A3,0.0304
ADORA1,0.0304
CTXN1,0.0304
PPP2R5B,0.0303
AC106712.1,0.0299
ERO1B,0.0298
HIST1H2AG,0.0297
WDR78,0.0297
LINC01358,0.0297
PSD4,0.0291
KDM4C,0.029
AC114760.2,0.0289
PHF11,0.0287
EFNA3,0.0286
MFSD6,0.0285
ENHO,0.0285
GALNT6,0.0284
TSLP,0.0283
PPM1L,0.0282
AC113418.1,0.028
OLFM2,0.028
ZBTB22,0.0277
HIST1H2BC,0.0275
ACYP2,0.0274
DUSP18,0.0273
AL121832.2,0.0272
TIAM1,0.027
LGR4,0.0267
HERC6,0.0267
SDSL,0.0264
GSE1,0.0262
HIST1H2AE,0.0259
PWWP2B,0.0258
SLC26A11,0.0253
LCA5,0.0252
DOCK11,0.025
C1orf54,0.0249
AL136295.5,0.0248
METTL7B,0.0247
SORCS1,0.0245
CHGB,0.0243
LINC01004,0.0241
FAM222A,0.0239
MIR181A2HG,0.0239
AL031777.3,0.0237
EID3,0.0237
NINJ2,0.0236
MAN2B2,0.0234
CARD10,0.0232
SYT7,0.0231
AC018638.7,0.0229
RANBP6,0.0229
SCN5A,0.0228
XYLT1,0.0227
EPHA4,0.0226
ZNF91,0.0226
LINC01351,0.0224
MAGIX,0.0222
AL031963.3,0.0222
EFL1,0.022
IDUA,0.022
TMTC2,0.0218
ABCA1,0.0217
TTC30B,0.0216
DLG5,0.0215
AC023043.1,0.0212
LIN9,0.0212
SYN3,0.0212
CDKN1C,0.021
PRSS27,0.0208
AC003101.2,0.0207
RSPH3,0.0207
LBX2-AS1,0.0204
AP001453.2,0.0202
TLCD2,0.0202
CARD8-AS1,0.0196
LRP5L,0.0191
FCHO2,0.0191
CLGN,0.0189
FOCAD,0.0188
SCRG1,0.0183
PTPRZ1,0.0182
ZSWIM4,0.018
HASPIN,0.018
HR,0.0179
LRIG1,0.0179
AC091932.1,0.0178
KITLG,0.0177
FOXD3,0.0174
ONECUT2,0.0168
S1PR1,0.0166
ANK2,0.0163
FGGY,0.0163
ADAMTS9,0.0154
SNTG1,0.0154
AC010163.1,0.0146
ZC3H12A,0.0145
FLRT3,0.0145
LINC01315,0.014
AC078845.1,0.014
INSR,0.0138
WDR5B,0.0137
AC009495.1,0.0136
CLDND2,0.0133
CAMK2N2,0.013
MZF1-AS1,0.013
GINS3,0.013
SLC22A18AS,0.0128
SRGAP3,0.0127
KREMEN2,0.0122
ZNF836,0.0119
AP002992.1,0.0119
SLC29A4,0.0118
PARP3,0.0118
NPPC,0.0118
AC025569.1,0.0117
ZRSR2,0.0117
AC100793.2,0.0117
GRID2,0.0117
ZC3H12C,0.0117
AL050341.2,0.0116
LAMC2,0.0116
ITPR1,0.0113
NRXN3,0.0111
IGFBP3,0.0107
FEZ1,0.0106
GRAMD2B,0.0105
SLC22A15,0.0104
DTX1,0.0103
SAMD15,0.0101
MIR137HG,0.0098
EPHA2,0.0097
IFIT5,0.0097
AC026979.2,0.0097
MAN1B1-DT,0.0097
AL355472.1,0.0095
TFEB,0.0094
SELENOM,0.0093
SLCO3A1,0.0093
LINC01816,0.0092
CAPN10-DT,0.0088
SALL1,0.0087
STOX2,0.0087
SULT1A3,0.0086
AC069148.1,0.0086
CEP72,0.0083
LOH12CR2,0.008
AC087741.1,0.008
ALDH1A1,0.0078
MATN3,0.0078
ST6GALNAC3,0.0078
OTUD1,0.0074
OLFML2A,0.007
HIST1H4E,0.0067
GABRA5,0.0063
STX1B,0.0059
AL035563.1,0.0057
AL118558.3,0.0056
TOLLIP-AS1,0.0056
STXBP5-AS1,0.0054
CFAP44,0.0052
IRF4,0.005
CCDC163,0.0049
AC132872.3,0.0047
AC023157.3,0.0043
AC105277.1,0.0042
ARID3A,0.004
HIST2H4A,0.0038
ANXA9,0.0037
AC011247.1,0.0037
HLX,0.0036
AC109322.1,0.0033
CACNA2D1,0.0033
CACNA1H,0.0032
ELF4,0.0031
SDC2,0.0031
ATP10D,0.0029
ENOX1,0.0027
AC145124.1,0.0027
AC147651.1,0.0025
SEMA3D,0.0025
SEC24A,0.0025
RIPOR2,0.0024
ENTPD1,0.0023
TPPP,0.0022
CCDC30,0.0021
GPR157,0.002
NEMP1,0.0018
NSG1,0.0018
ZNF778,0.0014
TNFRSF21,0.0013
C3orf70,0.0012
PRKG1,0.0011
CKB,0.0009
CXADR,0.0008
AC009502.1,0.0008
ZIC1,0.0006
ZNF846,0.0006
EPHB3,0.0005
HIST1H2AL,0.0004
EPB41L3,0.0004
AC093677.2,0.0003
HEY2,0.0003
CRTC2,0.0003
AGMO,0.0003
FAM133A,0.0003
TRIB1,0.0002
PLXNA2,0.0001
TBX2-AS1,-0.0001
AL020996.1,-0.0001
EML6,-0.0003
ACTN2,-0.0004
NLGN1,-0.0006
RGS16,-0.0008
PLEKHF2,-0.0008
TBCE,-0.0011
ZNF213,-0.0012
AL139412.1,-0.0012
L3MBTL4-AS1,-0.0013
TLN2,-0.0013
ALDH1L2,-0.0015
ELMO1,-0.0021
PTPRU,-0.0022
PPP1R14A,-0.0024
DENND6B,-0.0026
AC097532.2,-0.003
DRC3,-0.0031
MIR503HG,-0.0032
FAM72B,-0.0033
DLX5,-0.0035
PLEKHH2,-0.0037
BX537318.1,-0.0041
AL139383.1,-0.0043
FCGRT,-0.0045
TRPM8,-0.0046
TEKT5,-0.0047
N4BP2,-0.0048
TTC7A,-0.0049
MCOLN2,-0.005
AC044849.1,-0.0051
PKD2L2,-0.0052
NEK11,-0.0053
SNTN,-0.0054
NBPF14,-0.0054
ANKRD30B,-0.0055
LCP1,-0.0056
LMCD1,-0.0057
LINC00941,-0.0061
RAB3C,-0.0062
FXYD6,-0.0063
ADAMTS9-AS2,-0.0064
AC096667.1,-0.0065
TPSAB1,-0.0065
WFDC1,-0.0066
PTCH1,-0.0067
ABHD4,-0.0067
HAR1A,-0.0068
PRELID3A,-0.0068
JDP2,-0.0069
PAN3-AS1,-0.0069
NPTXR,-0.0069
ARHGAP20,-0.0069
LINC00960,-0.0071
KCNIP2,-0.0071
PLAG1,-0.0072
LRRTM4,-0.0072
FAM225B,-0.0073
RTN4RL1,-0.0073
SLC22A23,-0.0074
AL021453.1,-0.0074
DLG4,-0.0074
THRB,-0.0075
KAZALD1,-0.0076
PDE11A,-0.0077
ARSJ,-0.0078
PLXNA3,-0.008
KIF24,-0.008
BACH2,-0.008
CREG2,-0.008
ZMYM6,-0.008
LINC00702,-0.008
AC063923.2,-0.0081
LRRC4B,-0.0082
ANKRD33B,-0.0083
MIEF2,-0.0084
P4HTM,-0.0085
CARD14,-0.0085
FAM72C,-0.0085
NRF1,-0.0088
P3H2,-0.0088
AC079922.2,-0.0088
PPP1R14C,-0.0089
SDCBP2,-0.0089
PGGHG,-0.0091
AL627171.1,-0.0092
CEP126,-0.0092
LINC01013,-0.0092
CCDC26,-0.0094
PLD1,-0.0094
FBXO48,-0.0095
RASD2,-0.0096
FBXO3,-0.0096
EAF1,-0.0097
CXCL1,-0.0098
CCDC188,-0.0098
DCLRE1B,-0.0098
ASIC1,-0.0098
TAF4B,-0.0098
PCDH17,-0.0099
AC099778.1,-0.0099
AC062029.1,-0.0099
APLP1,-0.01
C6orf47,-0.0101
ANG,-0.0101
XKR8,-0.0103
CCDC113,-0.0103
ARHGAP5-AS1,-0.0104
TRPM2-AS,-0.0105
PASK,-0.0106
CCDC9B,-0.0106
C2orf81,-0.0107
ARHGAP11B,-0.0107
DEPTOR,-0.0108
SIPA1L1,-0.0108
AC005838.2,-0.0108
CIART,-0.0109
AL022323.4,-0.0109
PRKAB2,-0.0109
ALDH3B1,-0.011
AC016205.1,-0.0112
LINC02454,-0.0113
TSPAN7,-0.0115
AC005332.1,-0.0116
MFSD2A,-0.0117
PRR26,-0.0118
CCDC154,-0.012
GDPD3,-0.0121
TTLL6,-0.0121
DOC2A,-0.0122
CACHD1,-0.0123
CSF2RA,-0.0125
RBPMS2,-0.0126
AC062017.1,-0.0126
SYNPO2L,-0.0129
XKR5,-0.0129
APBB2,-0.013
PLPP3,-0.0131
ENC1,-0.0134
ESPN,-0.0134
FBXL20,-0.0137
PLEKHH1,-0.0138
MYEF2,-0.0138
KLHL7-DT,-0.014
AC093249.6,-0.0142
LINC01694,-0.0142
SAMD5,-0.0142
AL365500.1,-0.0142
ETV3,-0.0143
CPB2-AS1,-0.0144
MTBP,-0.0144
C17orf77,-0.0146
CCR1,-0.0147
CUL7,-0.0148
MPZ,-0.0148
AP000569.1,-0.0148
KBTBD3,-0.0148
FOXP4-AS1,-0.0148
VWF,-0.0149
RAP1GAP2,-0.0149
TSPAN1,-0.0149
AL591846.2,-0.015
PCSK4,-0.0151
AL512353.1,-0.0154
PXYLP1,-0.0154
MAFB,-0.0156
TAPBPL,-0.0157
RAPH1,-0.0158
HAR1B,-0.0158
RFTN2,-0.0159
JMY,-0.0161
AC009955.4,-0.0161
FXYD7,-0.0162
IQGAP3,-0.0162
DNMT3B,-0.0163
ELOVL3,-0.0163
HCG11,-0.0164
PER1,-0.0165
GNAS-AS1,-0.0165
LMOD3,-0.0165
PELI1,-0.0166
HRASLS,-0.0167
PDCD4-AS1,-0.017
BEND5,-0.017
SHC4,-0.0172
ACBD4,-0.0172
AC123777.1,-0.0172
AC110769.2,-0.0173
ANO7,-0.0173
AC104958.2,-0.0174
HSPB8,-0.0175
AC008637.1,-0.0176
CLHC1,-0.0179
SPTBN2,-0.0181
CXCL16,-0.0181
HECTD2,-0.0182
AC008403.3,-0.0183
CCDC184,-0.0183
B3GNT5,-0.0184
NAP1L5,-0.0184
AL049840.1,-0.0186
C17orf53,-0.0186
AC040970.1,-0.0187
AC012640.1,-0.0188
SLC17A5,-0.019
REEP2,-0.019
FRMD3,-0.019
YPEL4,-0.0192
CSRNP2,-0.0193
DPYSL4,-0.0193
TAF1A,-0.0193
GDNF,-0.0194
MAGEA12,-0.0194
DCUN1D3,-0.0196
PCDHGC3,-0.0196
OCA2,-0.0197
COL6A3,-0.0197
LINC01311,-0.0197
CCDC191,-0.0197
ROM1,-0.0199
ERV3-1,-0.0199
PKDCC,-0.02
IFT80,-0.02
PPARGC1B,-0.0201
AP001160.1,-0.0201
AC005076.1,-0.0202
DDX11-AS1,-0.0203
GRIK4,-0.0203
AC116366.3,-0.0203
TUBE1,-0.0204
DNAJA4,-0.0204
BTBD19,-0.0205
AC091057.6,-0.0206
ACTL10,-0.0206
SERPINF1,-0.0206
OSER1-DT,-0.0206
IQCG,-0.0207
TP53I11,-0.0207
TMEM56,-0.0208
SH3D19,-0.0209
CHRNB1,-0.021
AC012615.1,-0.021
RDH8,-0.021
ARHGEF3,-0.021
SPACA6,-0.0211
FN3K,-0.0211
HLA-F,-0.0211
LMNTD2,-0.0211
BATF2,-0.0211
RHBDL1,-0.0216
TRG-AS1,-0.0217
PTGER4,-0.0218
CCDC24,-0.0218
MAP3K14,-0.0218
PCDHB14,-0.0219
APOBEC3B,-0.0219
AC072061.1,-0.022
CDK15,-0.022
ANKRD34A,-0.0221
RSPH9,-0.0221
NOTUM,-0.0221
VASH1,-0.0222
KCNS3,-0.0223
AL034549.1,-0.0226
MAP1LC3A,-0.0226
HCN1,-0.0227
TTC30A,-0.0228
SLC35E2B,-0.0229
DNAAF3,-0.0229
SAMD12,-0.0231
ERICH2,-0.0232
MEIS1,-0.0233
CLK4,-0.0233
FCGR2B,-0.0233
TMEM44,-0.0234
EFR3B,-0.0235
ATP6V1C2,-0.0236
ELMOD1,-0.0236
SMCR8,-0.0237
LARGE1,-0.0238
FAT4,-0.0239
ZNF181,-0.0239
NXPH4,-0.0239
KCNMB4,-0.024
LINC00681,-0.0241
SATB1,-0.0242
RNF215,-0.0242
AC104532.2,-0.0243
TNFRSF14-AS1,-0.0243
MORC4,-0.0245
PCNX2,-0.0246
GPRASP1,-0.0246
C4orf47,-0.0248
WDR31,-0.0248
ZNF436,-0.0248
SCN1B,-0.0248
RAP2C,-0.0248
SUV39H1,-0.0248
ABHD3,-0.0249
ARHGEF26,-0.0249
CCDC153,-0.0249
FBXO30,-0.025
LINC01611,-0.025
KATNAL1,-0.025
SCUBE2,-0.025
AC147067.1,-0.0251
HBQ1,-0.0252
AP001462.1,-0.0253
AC107419.1,-0.0254
C6orf52,-0.0255
HDAC4,-0.0256
AC009414.2,-0.0256
NRTN,-0.0256
SPATA7,-0.0257
TCHH,-0.0257
PNMA6A,-0.026
CASTOR2,-0.0262
AC048341.1,-0.0263
TMEM79,-0.0263
AC139887.2,-0.0263
TXNL4B,-0.0264
C16orf86,-0.0265
CD302,-0.0266
AJUBA,-0.0266
OTUB2,-0.0268
PTPRH,-0.0269
MYH14,-0.027
CENPBD1,-0.027
AC018797.2,-0.027
RAB3D,-0.0272
SEC14L2,-0.0272
AC090673.1,-0.0273
RDH5,-0.0273
PTPRD,-0.0273
ZER1,-0.0274
AC110285.5,-0.0274
MYOCOS,-0.0276
AC064836.3,-0.0277
RAB3IL1,-0.0277
MLLT11,-0.0277
AL391121.1,-0.0279
AL358472.2,-0.028
OSBPL10,-0.028
IL15,-0.0282
TNKS2-AS1,-0.0282
AC112206.2,-0.0284
NYAP1,-0.0285
AUH,-0.0286
NRAV,-0.0287
CDKL3,-0.0287
POU4F1,-0.0289
PCSK6,-0.029
COL16A1,-0.0291
FOXD3-AS1,-0.0291
ARNTL,-0.0291
LINC00893,-0.0292
PPP1R3B,-0.0293
H1FX-AS1,-0.0293
IPO9-AS1,-0.0293
TMEM117,-0.0294
GTF2IRD2,-0.0294
CLDN15,-0.0294
TRIM52,-0.0294
ZBTB10,-0.0295
LINC01480,-0.0296
CACNB3,-0.0297
AF196972.1,-0.0299
LIFR-AS1,-0.03
OSMR-AS1,-0.03
DOPEY2,-0.03
CBX7,-0.0301
AC106707.1,-0.0301
RBMS3,-0.0301
DLX4,-0.0302
APCDD1,-0.0302
UHRF1BP1,-0.0303
AC061992.1,-0.0304
ARHGDIB,-0.0305
ASPA,-0.0305
AC106881.1,-0.0306
FBXO8,-0.0306
C2orf70,-0.0306
AC211476.2,-0.0307
DHRS1,-0.0308
BCHE,-0.0308
KSR1,-0.0308
CASP7,-0.0308
SPATA13,-0.0309
RHOBTB1,-0.031
MAML3,-0.0311
BMF,-0.0312
PRR16,-0.0312
TRIM9,-0.0313
LINC02475,-0.0313
HOXC6,-0.0313
STARD4-AS1,-0.0314
AC103718.1,-0.0316
MARCH8,-0.0318
ZBTB7B,-0.032
BISPR,-0.0321
LONRF2,-0.0323
B3GAT1,-0.0323
LFNG,-0.0325
POLI,-0.0325
CRY2,-0.0326
TIGD7,-0.0326
C2orf72,-0.0327
ABAT,-0.033
ASIP,-0.033
POT1-AS1,-0.0331
B4GALT6,-0.0332
RUSC2,-0.0333
ZNF425,-0.0333
VPS37D,-0.0334
AC004943.2,-0.0334
ACVR2B,-0.0336
NPAS3,-0.0336
WDFY3,-0.0337
MINDY1,-0.0338
LINC01659,-0.0339
ARL5B,-0.0339
SFTPC,-0.034
PKN3,-0.0341
LINC01762,-0.0341
TTC13,-0.0342
NEDD9,-0.0342
TBC1D32,-0.0343
ERI2,-0.0343
DMPK,-0.0346
C20orf204,-0.0346
AC006329.1,-0.0346
ADCY6,-0.0348
VPREB3,-0.0351
AL135925.1,-0.0351
AC007448.3,-0.0352
TRIM7,-0.0353
AC019197.1,-0.0353
ZNF594,-0.0353
DNAAF4,-0.0354
FAM214A,-0.0356
C16orf95,-0.0358
AC069185.1,-0.0358
CPT1A,-0.0359
ZNF100,-0.036
ACSBG1,-0.0361
HIST1H2BF,-0.0361
AL049874.3,-0.0362
UBQLN2,-0.0362
RN7SL832P,-0.0363
SP140,-0.0363
EFCAB13,-0.0364
RBKS,-0.0365
EHD3,-0.0365
JAK2,-0.0365
MADCAM1,-0.0365
USP2-AS1,-0.0366
GIPC3,-0.0366
PROX1,-0.0367
ZNF891,-0.0367
PEBP4,-0.0369
CDK2AP1,-0.0371
PAFAH2,-0.0371
ABCG5,-0.0372
NAGS,-0.0372
AC036176.1,-0.0372
TRIM51,-0.0373
KCNK2,-0.0373
LPAR1,-0.0374
MYO18A,-0.0375
AL355001.2,-0.0377
FBXL2,-0.0377
TGFBR3,-0.0378
SLC8B1,-0.0378
ADGRB2,-0.0379
RAB11FIP4,-0.0379
PTP4A3,-0.0379
GPR160,-0.0379
AL021368.2,-0.038
SLC16A10,-0.038
CTBP1-DT,-0.038
SEMA6D,-0.038
LPP-AS2,-0.0381
TINAGL1,-0.0381
ZNF726,-0.0382
ATL1,-0.0382
AC009570.1,-0.0383
TP73,-0.0383
FAM24B,-0.0383
TNFRSF11A,-0.0384
AKNA,-0.0384
PDGFD,-0.0385
FAM19A4,-0.0385
PITPNM1,-0.0386
CASP9,-0.0386
Z93241.1,-0.0387
FOXN3,-0.0387
ARSK,-0.0388
MAPK11,-0.0388
AL139289.2,-0.0388
BCORL1,-0.0388
LMTK2,-0.0388
FGFBP3,-0.0389
SLC45A3,-0.0389
ST3GAL1,-0.039
GPR19,-0.039
AC105942.1,-0.039
HIP1R,-0.0391
COLGALT2,-0.0391
PAXIP1-AS2,-0.0391
FANCM,-0.0393
AL117336.3,-0.0393
C9orf50,-0.0393
HCN3,-0.0394
DERL3,-0.0394
SLC33A1,-0.0395
FGFR1OP,-0.0395
ZSCAN2,-0.0395
HOXA5,-0.0396
TMEM91,-0.0396
BOC,-0.0397
CAB39L,-0.0397
HOXB7,-0.0397
BTG2,-0.0397
ZNF273,-0.0399
FEM1C,-0.0399
SLC35D1,-0.04
PIGZ,-0.04
NAPA-AS1,-0.04
AL391422.3,-0.04
LINC02076,-0.0401
RUNX2,-0.0401
FP700111.1,-0.0403
MIAT,-0.0403
SMO,-0.0404
PLA2G6,-0.0404
AC109587.1,-0.0406
GPSM3,-0.0406
TAF7L,-0.0406
YJEFN3,-0.0407
AL136987.1,-0.0407
SLC5A9,-0.0408
ZNF117,-0.0409
WFDC3,-0.0409
DNASE1,-0.0411
ABLIM3,-0.0411
TIGD6,-0.0411
TUBD1,-0.0411
RTL8B,-0.0411
MINDY4,-0.0412
SLC25A53,-0.0413
AL162231.1,-0.0413
FAM110D,-0.0413
AC018647.2,-0.0414
AGPAT4,-0.0414
HIC2,-0.0414
LINC01355,-0.0415
PLIN5,-0.0416
SSH3,-0.0416
TMEM198,-0.0417
ZNF513,-0.0417
JHY,-0.0418
AC009237.14,-0.0418
PAOX,-0.0418
AC003965.1,-0.0418
TMOD1,-0.0422
MCF2L2,-0.0422
FAXDC2,-0.0422
INTS6-AS1,-0.0423
AL451085.2,-0.0424
LRRC8C-DT,-0.0424
CXorf40A,-0.0424
AL450311.2,-0.0426
RAB39B,-0.0426
LYSMD3,-0.0426
KANTR,-0.0426
MAGEA3,-0.0426
ARRDC4,-0.043
AC116667.2,-0.043
ZSWIM6,-0.0431
NEURL2,-0.0431
AC021092.1,-0.0431
RNF139-AS1,-0.0431
FADS2,-0.0432
ZSCAN29,-0.0434
RHOJ,-0.0435
PKNOX2,-0.0435
BAIAP2-DT,-0.0435
ZNF333,-0.0436
PLEKHN1,-0.0436
TET2,-0.0436
ANKRA2,-0.0437
LINC01301,-0.0438
SEMA6B,-0.0438
ANGPT2,-0.0438
MYO16,-0.0438
ROPN1L,-0.0439
RNF32,-0.044
PTBP2,-0.044
TM4SF18,-0.0441
AL008729.2,-0.0442
FBXL7,-0.0442
ZNF350,-0.0442
AC007881.3,-0.0444
PLEKHS1,-0.0444
AL136084.3,-0.0445
F8,-0.0445
CFAP69,-0.0445
PSEN1,-0.0446
REXO5,-0.0446
AFF3,-0.0447
MACROD2,-0.0447
RNF182,-0.0448
ZNF417,-0.0448
AL354732.1,-0.0448
NFATC1,-0.0449
SLC18B1,-0.0449
GPRC5C,-0.0449
RELL1,-0.045
LZTFL1,-0.0451
BOK,-0.0451
TTC21A,-0.0451
PHETA1,-0.0452
EXOC8,-0.0452
SBF2-AS1,-0.0452
VLDLR-AS1,-0.0452
DGKQ,-0.0452
IGSF5,-0.0452
TMEFF2,-0.0453
TYRP1,-0.0454
CPE,-0.0454
AL133325.3,-0.0455
GRAP2,-0.0455
ZDHHC13,-0.0456
PSORS1C1,-0.0456
AC037459.3,-0.0456
MXD1,-0.0457
UNC5C,-0.0458
ATP2A1-AS1,-0.0458
DNAJC12,-0.0459
SEMA3E,-0.0459
PRMT6,-0.0459
PDE9A,-0.0461
TENT5C,-0.0461
AL358472.4,-0.0462
STXBP4,-0.0463
POLD4,-0.0463
ZNRF2,-0.0463
ZNF785,-0.0464
TUBB2B,-0.0465
GRK5,-0.0465
AC023908.3,-0.0465
AGO4,-0.0467
FBLN5,-0.0468
DHX58,-0.0468
ASH1L-AS1,-0.0469
RCBTB2,-0.047
PI15,-0.047
NLK,-0.0471
RASA4,-0.0472
TMC8,-0.0474
PLA2G4A,-0.0476
RAVER2,-0.0476
SIGLEC9,-0.0476
DTX4,-0.0476
CGN,-0.0477
SLAIN1,-0.0477
FAM72A,-0.0477
GRTP1,-0.0477
TBCEL,-0.0478
FGFR4,-0.0479
ENO3,-0.0479
LINC00472,-0.0479
CARMN,-0.0479
TMEM52,-0.048
TRNP1,-0.0481
AC083843.3,-0.0482
SLC37A3,-0.0482
PRSS12,-0.0482
CCDC189,-0.0482
ULBP2,-0.0482
ZDHHC21,-0.0483
TCN2,-0.0483
C4orf46,-0.0484
POC1B-AS1,-0.0484
SLC38A11,-0.0485
ABTB2,-0.0485
MYORG,-0.0485
PROSER3,-0.0485
HRH2,-0.0487
HLA-DPA1,-0.0488
TFAP2A-AS1,-0.0489
TSHZ3,-0.049
GTF2IRD2B,-0.049
LINC01117,-0.0491
SLFN12,-0.0491
PGF,-0.0491
PCDHB9,-0.0491
LRP5,-0.0491
RGL3,-0.0491
FLI1,-0.0493
AL109917.1,-0.0493
FRMD5,-0.0494
N4BP2L1,-0.0494
AC020911.2,-0.0495
LINC00492,-0.0496
TPBGL,-0.0497
IFITM2,-0.0497
RHPN1,-0.0498
HBEGF,-0.0498
RGPD5,-0.0499
TRIM21,-0.0499
FAM225A,-0.05
TNFRSF19,-0.05
AC138207.2,-0.05
KCNK9,-0.0501
WDR19,-0.0501
LINC00526,-0.0502
NCR3LG1,-0.0503
LINC01515,-0.0503
ZNF587,-0.0504
CHRNA5,-0.0504
TSPAN32,-0.0504
ZNF215,-0.0505
IL1RAPL1,-0.0505
GCH1,-0.0505
LZTS3,-0.0505
SYP,-0.0505
AC098487.1,-0.0505
PHLPP2,-0.0506
ZFHX4,-0.0507
KIAA1147,-0.0507
TICAM1,-0.0508
RBM15,-0.0509
AHNAK2,-0.0509
SLC25A45,-0.051
AC106897.1,-0.0511
ZNF19,-0.0511
SMAD9,-0.0512
LINC01473,-0.0512
C1QTNF1,-0.0513
AC104187.1,-0.0514
EDA,-0.0514
ANKAR,-0.0515
FGF13,-0.0515
IGLON5,-0.0516
MYLK-AS1,-0.0516
EPHA5,-0.0516
TFF3,-0.0517
KCTD21-AS1,-0.0517
CCDC171,-0.0518
UBA7,-0.0518
ZBTB18,-0.0518
HOXC8,-0.0519
PLEKHG3,-0.0519
ABCA7,-0.052
AL138737.1,-0.052
SLC25A25,-0.052
HSPA4L,-0.052
MUC1,-0.052
AL356108.1,-0.052
FAM184A,-0.0521
SLC11A1,-0.0521
MED18,-0.0521
TMEM8B,-0.0522
NBPF15,-0.0523
AC002470.1,-0.0524
SLC12A5-AS1,-0.0524
AC027237.3,-0.0525
VIM-AS1,-0.0525
LRRC20,-0.0525
B3GLCT,-0.0525
RNF175,-0.0525
FOXC1,-0.0526
AC087239.1,-0.0526
PGBD2,-0.0526
WFDC2,-0.0526
AZGP1,-0.0526
CNEP1R1,-0.0527
HINT3,-0.0527
ZNF41,-0.0528
TIFA,-0.0528
CX3CL1,-0.0531
NBPF10,-0.0531
DNHD1,-0.0531
IQCJ-SCHIP1,-0.0531
PITPNM3,-0.0531
TSPAN13,-0.0532
TCTE3,-0.0532
MISP3,-0.0533
WDPCP,-0.0534
KLHDC1,-0.0534
C1QTNF2,-0.0534
CA11,-0.0535
AC006058.1,-0.0535
XPR1,-0.0536
HCFC2,-0.0536
B4GALT1-AS1,-0.0536
MTMR11,-0.0536
TAMM41,-0.0536
HIST1H2AI,-0.0536
AL353622.1,-0.0537
C19orf81,-0.0537
COL11A2,-0.0538
GRB14,-0.0538
PGBD5,-0.0538
DNAJC3-DT,-0.0539
MYL5,-0.0539
UNC13C,-0.0539
LNP1,-0.054
LYZ,-0.0541
DCLK2,-0.0541
LINGO1,-0.0542
COG3,-0.0542
MGAT4A,-0.0542
CPNE5,-0.0543
PURG,-0.0543
SPOPL,-0.0543
TEX15,-0.0543
ZNF197,-0.0543
AFF1,-0.0543
RNF146,-0.0544
COG1,-0.0544
AL035413.1,-0.0544
STRADA,-0.0544
MYO1F,-0.0545
CYB561D1,-0.0548
CARF,-0.0548
EN1,-0.0548
ST7-AS1,-0.0549
ARHGEF37,-0.0549
AC093627.5,-0.0549
CDCA7L,-0.0551
WDR27,-0.0551
FAM124A,-0.0551
GPR146,-0.0552
BEND7,-0.0553
LINC01635,-0.0553
ST3GAL3,-0.0553
SH3BGR,-0.0554
U47924.2,-0.0554
AC048341.2,-0.0554
MTPAP,-0.0555
TCTN2,-0.0555
ZNF407,-0.0555
ZNF837,-0.0556
ACSL1,-0.0556
AP000845.1,-0.0558
PRRT1,-0.0559
AL133453.1,-0.0559
LMLN,-0.0559
C9orf116,-0.0559
PLPP6,-0.0559
OLMALINC,-0.056
SLFN11,-0.056
TIGD1,-0.056
CLBA1,-0.056
AP001527.2,-0.056
ERBB4,-0.0561
CIPC,-0.0563
USPL1,-0.0563
TBX6,-0.0563
ERAP1,-0.0563
ZBED6,-0.0563
ANO4,-0.0564
LINC00663,-0.0565
SPEF2,-0.0565
CCDC142,-0.0565
AC004148.2,-0.0566
IFT140,-0.0567
TRAM2-AS1,-0.0568
RAB33B,-0.0569
PCAT1,-0.057
ZNF160,-0.057
FAM120B,-0.057
HIST1H2AB,-0.057
NKX1-2,-0.0571
ANK3,-0.0571
AC015813.1,-0.0571
CALN1,-0.0571
UBE2V1,-0.0571
NBPF11,-0.0572
CHN2,-0.0572
LINC00243,-0.0573
AP003469.4,-0.0573
AP000802.1,-0.0574
ADAMTS17,-0.0574
MTMR8,-0.0574
CRYBB2,-0.0574
CCDC40,-0.0575
NFYC-AS1,-0.0575
ZNF395,-0.0576
CD1A,-0.0577
ZNF184,-0.0577
MPRIP-AS1,-0.0577
CRAMP1,-0.0577
RASSF5,-0.0578
TMEM272,-0.0578
PGBD4,-0.058
TRAF3IP3,-0.0581
CLDN20,-0.0581
HINFP,-0.0581
CADM4,-0.0582
NKX3-1,-0.0583
PCDHB16,-0.0583
GSEC,-0.0584
KIAA0753,-0.0584
AL031846.2,-0.0584
ARHGAP8,-0.0585
AC015982.1,-0.0586
ATP6V1FNB,-0.0586
ALKBH8,-0.0586
AC108047.1,-0.0587
LONRF3,-0.0587
VXN,-0.0589
AC137579.1,-0.0589
AL662884.4,-0.059
AP002761.3,-0.059
AC011944.1,-0.059
DCX,-0.0591
PUS10,-0.0591
AZIN2,-0.0591
GLIS2,-0.0593
C11orf54,-0.0593
KIF27,-0.0594
AP1S3,-0.0595
DNAH9,-0.0595
AL136162.1,-0.0595
BBS10,-0.0595
LIG4,-0.0595
CBWD6,-0.0595
AC084809.2,-0.0596
FAM227B,-0.0596
GSTCD,-0.0596
AC016575.1,-0.0596
MANSC1,-0.0596
ANKRD42,-0.0596
RASEF,-0.0597
FAM41C,-0.0597
FAM53C,-0.0597
PYGO1,-0.0597
C10orf95,-0.0598
CPED1,-0.0598
AL049597.2,-0.0599
FAM71F2,-0.0599
LRRC7,-0.0599
UNC13D,-0.06
NALCN,-0.06
AC006942.1,-0.06
RRAGB,-0.06
CASC10,-0.0601
CFD,-0.0601
BNC2-AS1,-0.0601
UGT8,-0.0601
ZNF599,-0.0601
AC137630.3,-0.0602
NOCT,-0.0603
DCDC2,-0.0603
AL645728.1,-0.0604
MLKL,-0.0605
Z69720.1,-0.0605
BAIAP2L2,-0.0605
AC093635.1,-0.0605
ELL,-0.0605
COLEC12,-0.0606
ULK1,-0.0606
C10orf143,-0.0606
PKIA,-0.0607
AL135999.1,-0.0608
BHLHE22,-0.0609
KCNJ14,-0.0609
AC120053.1,-0.0609
SCAF8,-0.0609
CCDC7,-0.0609
AL355297.4,-0.061
UPK1A-AS1,-0.061
ANKHD1,-0.061
LINC01474,-0.061
CDH3,-0.061
AL139260.1,-0.0611
AL035681.1,-0.0611
USP54,-0.0611
RBM11,-0.0611
LDB3,-0.0612
SLC4A3,-0.0612
MAPK10,-0.0613
CDH24,-0.0613
ANKEF1,-0.0613
ZBTB8A,-0.0614
AC097376.2,-0.0614
TMEM106A,-0.0615
TSPYL4,-0.0616
ZNF43,-0.0616
JAK3,-0.0616
LINC00327,-0.0616
KLHL2,-0.0617
SHROOM3,-0.0617
PLS1,-0.0617
CRY1,-0.0618
AC093462.1,-0.0619
AL133304.2,-0.0619
KCNC4,-0.062
MDGA2,-0.062
PRRG1,-0.062
APOL1,-0.0621
LINC01588,-0.0621
SH3TC2,-0.0621
KLF15,-0.0621
SPATA2L,-0.0622
PIGA,-0.0622
AF117829.1,-0.0622
GABPB2,-0.0622
APOBEC3F,-0.0623
TCTEX1D1,-0.0623
FAM151B,-0.0623
ZBTB5,-0.0624
PSMB8-AS1,-0.0625
TENM2,-0.0625
ZNF862,-0.0627
CUBN,-0.0627
EIF2AK3,-0.0628
ZNF516,-0.0628
B4GALNT3,-0.0628
AL590399.1,-0.0628
VAMP4,-0.0629
L3MBTL3,-0.0629
KLHL28,-0.0629
MAS1,-0.0629
TVP23C,-0.0629
GRID1,-0.0629
VAMP1,-0.0629
SGMS1,-0.063
REC8,-0.063
LRP4,-0.063
B3GALT5,-0.063
SIDT2,-0.0631
SMIM2-AS1,-0.0632
PAXBP1-AS1,-0.0632
ZNF185,-0.0632
LINC00310,-0.0632
AC016745.2,-0.0633
AGAP4,-0.0633
AC008608.2,-0.0634
COL7A1,-0.0634
DPY19L2,-0.0634
CERS4,-0.0634
CYB5D1,-0.0634
CDK17,-0.0635
SIX3,-0.0635
MAP3K6,-0.0635
AC091729.3,-0.0635
NPIPB5,-0.0636
MBNL1-AS1,-0.0636
IFFO2,-0.0636
SHANK2,-0.0636
ZNF575,-0.0637
ZNF883,-0.0637
PTPN3,-0.0637
AC006058.3,-0.0639
GEMIN2,-0.064
AP001347.1,-0.064
SYDE2,-0.064
FBXL8,-0.0641
ADAM8,-0.0641
PDZD4,-0.0641
PRKAB1,-0.0641
IL22RA1,-0.0641
SAXO2,-0.0642
HIPK1-AS1,-0.0643
PCAT7,-0.0643
HBG2,-0.0643
TLDC1,-0.0643
AP001157.1,-0.0643
SPI1,-0.0644
SLC35F3,-0.0644
LINC00920,-0.0644
KCNH3,-0.0644
DTWD2,-0.0645
TDP1,-0.0645
PLEKHM3,-0.0646
AC024060.1,-0.0646
CASTOR3,-0.0646
ZNF329,-0.0648
LINC01318,-0.0648
TEX9,-0.0649
VMAC,-0.0649
HDAC6,-0.0649
ZNF202,-0.0649
MAN1C1,-0.0649
AC107032.2,-0.065
ZNF85,-0.065
MARS2,-0.0651
ARL6,-0.0651
TTC28,-0.0651
AC027682.6,-0.0651
FOXO4,-0.0652
AC245060.5,-0.0652
IL2RB,-0.0653
FAN1,-0.0653
CDC42EP2,-0.0653
AC016773.1,-0.0653
FIG4,-0.0653
LINC01730,-0.0653
LAMA2,-0.0654
RIN3,-0.0654
AC092919.1,-0.0655
PHOSPHO1,-0.0655
KRBOX4,-0.0655
AC234582.1,-0.0655
AP005329.3,-0.0655
GRPEL2,-0.0656
EVL,-0.0656
HIST1H3F,-0.0657
ZFP14,-0.0657
PTGR2,-0.0657
TDRD7,-0.0658
HOXB13,-0.0658
AATK,-0.0659
FAM131A,-0.0659
LINC02202,-0.0659
SLC47A1,-0.066
AC133550.2,-0.0661
C1RL-AS1,-0.0661
LAMC3,-0.0661
NCKAP5,-0.0661
OSBPL3,-0.0661
PLCL2,-0.0661
AL354811.1,-0.0661
RORA,-0.0661
POLR2J2,-0.0662
ARSB,-0.0663
NATD1,-0.0663
DOCK6,-0.0663
AC099518.5,-0.0663
GSAP,-0.0663
AC021016.3,-0.0664
ARID3B,-0.0664
CAPS,-0.0664
AC093512.1,-0.0664
PJVK,-0.0665
ADORA2B,-0.0665
FAM171A2,-0.0665
AC007038.1,-0.0665
GDPD1,-0.0665
SGMS1-AS1,-0.0666
SAMD13,-0.0666
SLX4,-0.0666
ZNF487,-0.0667
EFHB,-0.0667
AL354822.1,-0.0668
IKBKE,-0.0668
PIGW,-0.0668
MZF1,-0.0669
SCN8A,-0.0669
AL359851.1,-0.067
WDR37,-0.067
LINC01829,-0.067
UNC119B,-0.0671
PSMD6-AS2,-0.0671
AC245140.2,-0.0671
PARD6B,-0.0671
TLE2,-0.0671
MAST4,-0.0671
CCDC110,-0.0671
ASB2,-0.0671
AC027097.1,-0.0672
LINC02193,-0.0672
PELI3,-0.0673
TMSB15A,-0.0673
SLC9B1,-0.0674
MMP25-AS1,-0.0674
ENO1-AS1,-0.0675
KIAA1328,-0.0675
ZFYVE1,-0.0675
LMBRD2,-0.0676
ARHGAP19,-0.0677
ZNF708,-0.0678
COL19A1,-0.0678
AC022730.4,-0.0678
P3H2-AS1,-0.0679
NFKBID,-0.0679
IDNK,-0.0679
KIAA1024,-0.068
AC015909.2,-0.068
LRRC8C,-0.0681
KLHL29,-0.0681
WDR25,-0.0681
BCDIN3D,-0.0681
AL158835.1,-0.0681
ZIC2,-0.0682
SLC30A1,-0.0682
GSKIP,-0.0683
PROSER2,-0.0683
HIST1H2AK,-0.0683
BUD13,-0.0683
FPGT,-0.0683
ARMCX1,-0.0684
ZBTB2,-0.0684
ZNF134,-0.0684
HOXC5,-0.0685
ZNF649,-0.0685
AC027307.2,-0.0685
TRPC1,-0.0686
SMIM31,-0.0686
TLR6,-0.0688
PRKCH,-0.0688
GKAP1,-0.0688
BX284668.5,-0.0688
AC022098.1,-0.0689
FCHSD1,-0.0689
SEMA7A,-0.0689
IQCK,-0.0689
MAST3,-0.069
PBX3,-0.069
PRUNE2,-0.0691
AC068888.1,-0.0691
GLDC,-0.0691
AC007383.2,-0.0691
CCDC134,-0.0691
C17orf100,-0.0692
OVAAL,-0.0693
LINC01715,-0.0693
ZNF460,-0.0693
MTCL1,-0.0693
RPS6KL1,-0.0693
GPRIN3,-0.0694
L2HGDH,-0.0694
ZNF48,-0.0695
AL442128.2,-0.0695
IL17B,-0.0695
AL391684.1,-0.0696
DLX6,-0.0696
ZNF519,-0.0697
LRCH2,-0.0697
ACCS,-0.0697
DENND1B,-0.0698
CCL17,-0.0698
FAM66C,-0.0699
PIANP,-0.07
AC090061.1,-0.07
AC138150.1,-0.07
LINC00342,-0.07
OBSCN,-0.07
PRR22,-0.07
AC008991.1,-0.07
KCTD11,-0.07
FAM69A,-0.0701
ZNF124,-0.0701
ZNF133,-0.0701
RFX7,-0.0701
AC239800.3,-0.0702
RNF44,-0.0703
AC092326.1,-0.0703
MCEE,-0.0703
EPHA5-AS1,-0.0703
PBLD,-0.0704
AC087473.1,-0.0704
LMCD1-AS1,-0.0704
AC010969.2,-0.0705
ZNF544,-0.0705
MAP7,-0.0705
PYROXD2,-0.0705
MAFK,-0.0705
AC131011.1,-0.0706
ACHE,-0.0706
AJ011932.1,-0.0706
RNF103,-0.0706
AQP11,-0.0706
C5,-0.0707
AC025181.2,-0.0707
GBX2,-0.0708
TMEM44-AS1,-0.0708
GPC2,-0.0708
PTPDC1,-0.0709
LRRC27,-0.071
MSX2,-0.071
ASB7,-0.071
ZNF620,-0.071
AC106791.1,-0.0711
MED23,-0.0712
IKZF5,-0.0712
Z93930.2,-0.0712
XKR9,-0.0713
TMEM131L,-0.0714
THNSL1,-0.0714
DZANK1,-0.0714
ATG14,-0.0714
PHF7,-0.0715
PAQR9-AS1,-0.0715
AP001412.1,-0.0715
ACTR5,-0.0715
WDR47,-0.0716
ARHGAP33,-0.0716
IL17RD,-0.0717
RAB23,-0.0718
OPRD1,-0.0718
BRD3OS,-0.0718
SPATA5L1,-0.0719
SLC2A13,-0.0719
DUSP7,-0.0719
AL121827.2,-0.0719
PHKA1,-0.072
TBCK,-0.072
HOMEZ,-0.072
RMDN2,-0.0721
AC124242.1,-0.0721
PRMT9,-0.0722
DICER1-AS1,-0.0722
HLA-G,-0.0722
FAM189A2,-0.0722
ATG2B,-0.0722
RIMS3,-0.0722
KCNJ10,-0.0722
LDLRAD4,-0.0722
MAP2,-0.0723
SIX5,-0.0723
AHCYL2,-0.0723
RND2,-0.0723
AC105285.1,-0.0724
DISP1,-0.0724
FAM218A,-0.0724
LHX1-DT,-0.0725
ADAT2,-0.0725
SHC3,-0.0725
NINL,-0.0726
ADAM22,-0.0726
NAIP,-0.0726
SCYL3,-0.0726
SLC25A15,-0.0726
NOTCH2NL,-0.0726
PI4K2B,-0.0727
HSPA14,-0.0727
GOLGA8A,-0.0727
HPSE,-0.0727
ADCY9,-0.0728
SP2-AS1,-0.0728
TBKBP1,-0.0728
SHROOM4,-0.0728
TMEM86A,-0.0729
AC007613.1,-0.0729
CPA2,-0.073
ZNF845,-0.073
AL161646.1,-0.073
ABL1,-0.0731
AC073111.5,-0.0731
AL031847.1,-0.0731
TRANK1,-0.0731
ZNF559,-0.0732
ZBED3-AS1,-0.0732
BBS9,-0.0732
FAM234B,-0.0732
AC233723.1,-0.0732
LNX2,-0.0733
ATP8B3,-0.0733
STAT5A,-0.0733
FAM117B,-0.0734
CASP10,-0.0734
AC087190.1,-0.0734
LIN52,-0.0734
HS6ST1,-0.0735
AC110285.2,-0.0735
NAPB,-0.0735
CCR10,-0.0735
AC104667.2,-0.0735
AC007389.5,-0.0736
LRRC73,-0.0736
PCF11-AS1,-0.0736
SLC24A1,-0.0737
ZNRF3,-0.0737
MANEA,-0.0738
FAM180B,-0.0738
NOTCH1,-0.0738
SGMS2,-0.0738
FNTB,-0.0738
AC008741.2,-0.0739
ZDHHC1,-0.0739
TMPRSS5,-0.0739
THSD1,-0.0739
CHST6,-0.074
MTX3,-0.074
CNFN,-0.0742
AC096711.2,-0.0743
MBLAC2,-0.0743
LRRC29,-0.0743
AP000695.2,-0.0744
RAB26,-0.0744
AL161421.1,-0.0744
KPNA5,-0.0745
FAM71E1,-0.0745
SLC25A35,-0.0745
GALNT10,-0.0746
AC231981.1,-0.0746
ADGRE1,-0.0746
AL078459.1,-0.0747
ZNF605,-0.0747
FAM83G,-0.0748
PEX11G,-0.0748
PDZD7,-0.0748
AL592494.3,-0.0748
LINC00595,-0.0749
PRDM11,-0.0749
ARHGAP26,-0.075
AP006623.1,-0.075
AC019069.1,-0.075
WDR7,-0.0751
CACNA1A,-0.0751
LEAP2,-0.0752
CCDC9,-0.0752
AL022323.3,-0.0753
BBS12,-0.0753
BRICD5,-0.0753
AC110285.3,-0.0753
MEGF9,-0.0754
LINC00504,-0.0754
HARBI1,-0.0755
AL133245.1,-0.0755
LRRK1,-0.0755
INTU,-0.0755
EDEM1,-0.0755
KCNC3,-0.0755
AC102953.2,-0.0755
CRTAC1,-0.0755
KHDC1,-0.0756
DSE,-0.0757
TRIM46,-0.0757
VPS37C,-0.0758
DCP1B,-0.0758
PPIL6,-0.0758
ZSCAN26,-0.0758
NTNG2,-0.0758
SCX,-0.0758
MDM1,-0.0759
PPFIBP2,-0.076
RNF227,-0.076
PFKFB2,-0.076
LINC01447,-0.0761
AL645933.2,-0.0761
ZNF667-AS1,-0.0762
ATP6AP1L,-0.0762
PPP1R26,-0.0762
CDS1,-0.0762
HIST2H2AB,-0.0763
TCEANC2,-0.0763
GMFG,-0.0763
EXO5,-0.0763
FAM227A,-0.0764
GABBR1,-0.0764
ZKSCAN8,-0.0765
REP15,-0.0765
AC005520.2,-0.0766
TSNAXIP1,-0.0767
ORMDL3,-0.0768
AP4B1,-0.0768
KLHL22,-0.0768
KDM6A,-0.0768
FAM8A1,-0.0768
ZNF362,-0.0768
NBPF26,-0.0769
ST8SIA6,-0.0769
AC098818.2,-0.077
C7orf31,-0.077
CDC14A,-0.077
VAV2,-0.077
AC005229.4,-0.0771
ZNF552,-0.0771
LRRC24,-0.0771
AC083798.2,-0.0771
AL596094.1,-0.0771
AL121899.1,-0.0771
RAB9B,-0.0772
AC021752.1,-0.0772
GIMAP2,-0.0773
EVI5L,-0.0773
FRS2,-0.0773
CACNB4,-0.0774
AC006480.2,-0.0774
VCPKMT,-0.0774
AC005261.3,-0.0774
AC025283.2,-0.0775
AL596202.1,-0.0775
IFT172,-0.0775
UCP2,-0.0775
SWT1,-0.0775
ZNF566,-0.0776
RGP1,-0.0776
ZNF365,-0.0776
RNF128,-0.0776
AC025470.2,-0.0776
LINC01011,-0.0777
C8orf44,-0.0777
RHCG,-0.0778
MIR99AHG,-0.0779
ADGRE2,-0.0779
CD79B,-0.0779
AC010336.1,-0.0779
FBXO6,-0.0779
ASB4,-0.078
SNPH,-0.078
ATP7A,-0.078
HECA,-0.078
THNSL2,-0.078
ZDHHC23,-0.078
IPMK,-0.0781
C1orf159,-0.0781
TSPAN15,-0.0781
ADGRL3,-0.0781
MTA2,-0.0781
AP4E1,-0.0781
MALINC1,-0.0782
AL117339.5,-0.0782
STK36,-0.0783
BBS1,-0.0783
ZNF738,-0.0783
TRIM32,-0.0783
DDR1-DT,-0.0784
ZNF674-AS1,-0.0784
NBPF9,-0.0784
SEMA4B,-0.0784
TRMT10A,-0.0785
AP002490.1,-0.0785
KDM7A,-0.0785
TTC27,-0.0785
RFX3,-0.0785
PARP8,-0.0785
ZNF81,-0.0786
WDR44,-0.0786
RAB11B-AS1,-0.0786
CDON,-0.0787
EEF1AKMT3,-0.0787
RIOX1,-0.0787
ARRDC2,-0.0788
ZNF10,-0.0788
RINL,-0.0789
AC092910.3,-0.0789
MAP3K10,-0.0789
GEMIN8,-0.0789
EPB41L5,-0.0789
PCYT1B,-0.0789
UBE3D,-0.0789
PGM5,-0.079
AC009404.1,-0.079
TIPARP-AS1,-0.079
ZNF506,-0.079
AC009113.1,-0.079
RHBDD1,-0.079
DTNA,-0.0791
AC079089.1,-0.0791
FAM83H,-0.0791
FAM160B1,-0.0792
FAM155B,-0.0792
Z73429.1,-0.0792
B4GALNT4,-0.0792
TEX22,-0.0792
EBF4,-0.0793
TTLL3,-0.0793
SUOX,-0.0793
SEC24B-AS1,-0.0793
DARS-AS1,-0.0793
DOLPP1,-0.0794
SMKR1,-0.0795
METTL25,-0.0795
DCLRE1A,-0.0795
TMEM185B,-0.0795
LINC01828,-0.0795
AC104506.1,-0.0796
DGKA,-0.0796
TCP11L1,-0.0796
ERMAP,-0.0797
AGAP6,-0.0797
SLC10A7,-0.0798
FAM19A2,-0.0798
C9orf72,-0.0799
DGKE,-0.08
PAPOLG,-0.08
CD274,-0.0801
FCHO1,-0.0801
TMEM144,-0.0801
GFPT2,-0.0802
C10orf25,-0.0802
ZNF678,-0.0802
MRPS24,-0.0803
AC007686.3,-0.0803
AL133215.2,-0.0804
AC011632.1,-0.0804
TRIM66,-0.0804
SH3GL2,-0.0804
C3orf58,-0.0805
WDR89,-0.0805
AP001830.1,-0.0805
AC138696.2,-0.0805
KIAA1841,-0.0805
CU634019.6,-0.0806
ATP9B,-0.0806
HS6ST2,-0.0806
LINC01431,-0.0806
POLH,-0.0806
SRF,-0.0806
PPM1D,-0.0806
HIST1H3C,-0.0807
AC009061.2,-0.0807
AC034236.2,-0.0807
ITFG2-AS1,-0.0807
PER2,-0.0807
AC013394.1,-0.0808
KIF6,-0.0808
RDH10,-0.0808
EWSAT1,-0.0808
MIER3,-0.0809
METTL4,-0.0809
ZEB1-AS1,-0.0809
DDO,-0.0809
AMOT,-0.0809
PLEKHG1,-0.0811
AC010491.1,-0.0811
KRBA2,-0.0811
FSIP1,-0.0811
OGDHL,-0.0812
ALG1L2,-0.0812
FAM171B,-0.0812
AL118506.1,-0.0812
LINC00672,-0.0812
RAB15,-0.0812
KCNC1,-0.0812
SUSD6,-0.0812
LINC02367,-0.0813
FOXJ2,-0.0813
CHRNA7,-0.0813
LINC01547,-0.0813
ZNF587B,-0.0814
AXIN2,-0.0814
AL161457.2,-0.0814
GJA3,-0.0815
AL035071.1,-0.0815
C2orf15,-0.0815
CELSR3,-0.0815
AC040977.1,-0.0815
SPRYD3,-0.0815
WWC1,-0.0815
AC240274.1,-0.0815
AC007114.1,-0.0816
ZNF696,-0.0816
AC012306.2,-0.0816
FKRP,-0.0817
NBPF3,-0.0817
AC017100.1,-0.0817
ERMARD,-0.0817
AC012123.1,-0.0817
AC130324.3,-0.0817
IGFLR1,-0.0818
ZBTB6,-0.0818
OSCP1,-0.0818
SENP3,-0.0819
HAS2-AS1,-0.0819
RGS5,-0.0819
SLC41A2,-0.0819
PPP2R1B,-0.0819
ZNF189,-0.0819
MSANTD2,-0.0819
YPEL1,-0.082
TTC39B,-0.082
CEP76,-0.082
NELL2,-0.082
AC078883.1,-0.082
BRPF1,-0.0821
ZNF646,-0.0821
NBPF12,-0.0821
TAB3,-0.0821
NLRX1,-0.0822
ARRDC3-AS1,-0.0822
PCBD2,-0.0823
CDYL2,-0.0823
ABCA2,-0.0823
ZC3H10,-0.0823
IQCH,-0.0824
AC090152.1,-0.0825
ERCC5,-0.0825
ZNF532,-0.0825
PGBD1,-0.0825
ZNF446,-0.0825
AC005696.1,-0.0826
DFFB,-0.0826
ISOC1,-0.0826
RASSF4,-0.0826
IZUMO4,-0.0826
MROH8,-0.0827
AC007262.2,-0.0827
AL158154.2,-0.0827
AP000254.1,-0.0827
RASSF1-AS1,-0.0828
RABGEF1,-0.0828
CDHR3,-0.0828
DCAF4,-0.0828
KCTD13,-0.0829
LINC01569,-0.0829
MMP15,-0.0829
PPEF1,-0.0829
AC079760.2,-0.0829
SPIN3,-0.0829
AC073263.2,-0.0829
B9D2,-0.0829
DNAJC28,-0.0829
GAREM1,-0.083
GCNT2,-0.083
RFFL,-0.083
RNF217,-0.083
AC103706.1,-0.0831
BRPF3,-0.0831
REPS2,-0.0831
ASB16-AS1,-0.0831
DMRT2,-0.0832
PAQR8,-0.0832
COG8,-0.0832
CEP120,-0.0832
TUB,-0.0832
ATP1A3,-0.0833
FBXO36,-0.0833
ZNF324B,-0.0833
RAB20,-0.0833
PIP5K1B,-0.0834
AVIL,-0.0834
ABLIM1,-0.0834
SNX25,-0.0835
LENG8-AS1,-0.0835
AC004704.1,-0.0835
SLC1A1,-0.0836
C1QL4,-0.0836
LYRM9,-0.0836
NOD1,-0.0836
SPIN2A,-0.0836
DCLK1,-0.0837
RIC1,-0.0837
AC099522.2,-0.0837
AL021707.6,-0.0837
MYB,-0.0837
PABPC5,-0.0838
CCDC78,-0.0838
ZNF260,-0.0838
FGD6,-0.0839
AL645568.1,-0.0839
CHST7,-0.084
LINC00910,-0.084
AC091979.1,-0.084
CLYBL,-0.0841
AL109811.2,-0.0841
ZBTB8B,-0.0841
PCSK9,-0.0841
NR5A2,-0.0841
AC003681.1,-0.0842
GLIPR2,-0.0842
ULK4,-0.0843
FZD4,-0.0843
CNKSR3,-0.0843
TCTEX1D4,-0.0843
NFYA,-0.0843
TMEM51-AS1,-0.0844
PTK6,-0.0844
AC006449.2,-0.0844
AL391069.2,-0.0844
AP001107.9,-0.0844
KCTD6,-0.0844
HIST1H2BE,-0.0845
FAM174B,-0.0845
HOXA-AS2,-0.0845
ZBED1,-0.0845
MMAA,-0.0845
LRFN1,-0.0845
CRADD,-0.0845
RFXAP,-0.0846
ALDH5A1,-0.0846
SYNPO,-0.0846
MIPOL1,-0.0846
SLC35E2A,-0.0846
DIRAS1,-0.0847
RAB12,-0.0847
IL18BP,-0.0847
ZNF615,-0.0847
PRICKLE3,-0.0847
AC018809.2,-0.0847
ADHFE1,-0.0848
PYCARD-AS1,-0.0848
LINC01572,-0.0848
AL355353.1,-0.0849
HELB,-0.0849
NES,-0.0849
CBARP,-0.0849
ANKDD1A,-0.085
COBL,-0.085
SIRT4,-0.085
ARHGEF6,-0.085
GTPBP2,-0.0851
EFCAB11,-0.0851
AL031055.1,-0.0851
ABHD14A-ACY1,-0.0851
AC037459.2,-0.0852
ARHGEF28,-0.0852
AC026471.1,-0.0852
F11R,-0.0852
AL355312.4,-0.0853
HOXB3,-0.0853
FZD5,-0.0853
SAMD10,-0.0853
PITPNM2,-0.0853
C18orf32,-0.0853
BCL11A,-0.0855
ACACB,-0.0855
EHHADH,-0.0855
AC011773.4,-0.0855
CCDC96,-0.0855
XKR6,-0.0856
LINC00665,-0.0856
DUSP16,-0.0856
TLE6,-0.0856
USP20,-0.0856
AC021097.1,-0.0856
AC106739.1,-0.0856
MOB3C,-0.0856
PARD6G-AS1,-0.0857
NR6A1,-0.0857
AC068473.5,-0.0858
WTIP,-0.0858
SRRM2-AS1,-0.0858
RAB30,-0.0858
SLC38A9,-0.0858
ADCY7,-0.0859
ZBTB42,-0.0859
ZNF419,-0.0859
ZNF595,-0.0859
CCDC125,-0.086
AC108488.1,-0.086
ADAMTSL5,-0.086
SCGB1D2,-0.0861
LINC01725,-0.0861
LINC01852,-0.0861
PTPN6,-0.0861
PLCXD1,-0.0861
GLRB,-0.0861
RNASEH2A,-0.0862
AC083880.1,-0.0862
ZNF295-AS1,-0.0862
AL157938.3,-0.0862
ZNF528,-0.0863
ABHD18,-0.0863
BRSK1,-0.0863
AL683813.1,-0.0864
AC067852.2,-0.0864
TXNRD3,-0.0864
DPY19L3,-0.0864
FAM111A-DT,-0.0864
AC025048.4,-0.0865
AL117379.1,-0.0865
SIK2,-0.0865
MFSD8,-0.0865
PCYOX1L,-0.0866
PLAC9,-0.0866
BVES,-0.0866
UNKL,-0.0866
UCN,-0.0866
SLC4A4,-0.0867
ZNF773,-0.0867
RAD50,-0.0867
GAB1,-0.0867
AC010359.1,-0.0867
RGS5.1,-0.0868
LSM11,-0.0868
AL080317.1,-0.0868
GDPGP1,-0.0868
AC025171.3,-0.0868
TMEM169,-0.0868
DAB2IP,-0.0868
LRRK2,-0.0868
AC005332.7,-0.0869
HDAC11,-0.0869
VANGL2,-0.0869
AL078639.1,-0.087
AC103691.1,-0.087
TMEM231,-0.0871
ZFP41,-0.0871
ZUP1,-0.0871
P2RY6,-0.0871
SGPL1,-0.0872
UGDH-AS1,-0.0872
MILR1,-0.0872
AL590822.2,-0.0872
LRRC49,-0.0872
ACP6,-0.0872
TESMIN,-0.0873
CYP1A1,-0.0873
LINC01023,-0.0873
ZNF30,-0.0873
ZSWIM3,-0.0873
ANGEL1,-0.0874
ALKBH1,-0.0874
ASGR1,-0.0875
AMHR2,-0.0875
LINC01778,-0.0875
RBM26-AS1,-0.0875
FBXO31,-0.0875
AC242426.2,-0.0876
MAP2K5,-0.0876
MEX3D,-0.0876
XYLB,-0.0876
AP000759.1,-0.0876
CISH,-0.0876
MDK,-0.0877
TIMM23B,-0.0877
PLXNB1,-0.0877
SPATA17,-0.0878
AC008991.2,-0.0879
ITPKC,-0.0879
ZNF383,-0.088
PWAR6,-0.088
ZNF70,-0.088
PAQR6,-0.088
Z95115.1,-0.088
GTF2IRD1,-0.088
MTM1,-0.088
IRAK1BP1,-0.0881
EFCAB7,-0.0881
MS4A7,-0.0881
FAM72D,-0.0881
MED14OS,-0.0881
RBPMS-AS1,-0.0881
PAX9,-0.0881
PAN2,-0.0881
KANSL1L,-0.0881
AC023509.4,-0.0881
ZNF550,-0.0882
RIBC1,-0.0882
HLA-DPB1,-0.0882
ALG10B,-0.0882
AC009506.1,-0.0882
CCNJ,-0.0882
AL021707.2,-0.0883
AC016727.1,-0.0883
TBC1D24,-0.0883
FCRLB,-0.0883
PSMG3-AS1,-0.0883
DENND3,-0.0883
TOR1B,-0.0883
SPIN4,-0.0883
FANCE,-0.0883
AC002310.1,-0.0884
C1orf50,-0.0884
EPS8L1,-0.0884
DOK4,-0.0884
FEZF1-AS1,-0.0884
AL139158.2,-0.0884
CD48,-0.0884
KALRN,-0.0885
AC015712.2,-0.0885
AC007240.1,-0.0886
APBA1,-0.0886
BLOC1S3,-0.0886
MCM9,-0.0886
PPP1R13B,-0.0886
AC026304.1,-0.0886
DMD,-0.0887
PRDM13,-0.0887
SENP7,-0.0887
AL162231.2,-0.0887
IKZF4,-0.0888
AC114271.1,-0.0888
PAIP2B,-0.0888
WNT3,-0.0888
RDM1,-0.0888
ZNF699,-0.0888
AP000766.1,-0.0888
AL359232.1,-0.0888
SMC5-AS1,-0.0888
DLGAP1-AS1,-0.0888
DNAJB5,-0.0888
MMACHC,-0.0888
LKAAEAR1,-0.0888
AC132872.1,-0.0889
TADA2B,-0.0889
ZNF331,-0.0889
P4HA3,-0.0889
AC015909.3,-0.0889
ABCC1,-0.0889
USP38,-0.089
ZNF8,-0.089
FAM161B,-0.089
SYNJ1,-0.089
RHPN2,-0.089
C19orf73,-0.089
OPRL1,-0.089
TMEM154,-0.089
HOXA13,-0.089
FBXO10,-0.0891
AP000350.5,-0.0891
ZKSCAN2,-0.0891
ZNF671,-0.0891
AL365434.2,-0.0891
DNAJC27,-0.0891
CROCC,-0.0891
FAM169A,-0.0892
SRR,-0.0892
PIWIL2,-0.0892
C22orf23,-0.0892
AL138966.2,-0.0892
IL23A,-0.0892
ARIH2OS,-0.0892
SEC61A2,-0.0893
ZSCAN20,-0.0894
DOPEY1,-0.0894
GATD3B,-0.0894
LINC01812,-0.0894
ZNF300,-0.0895
AC124798.1,-0.0895
ZMYND12,-0.0895
C2CD2L,-0.0895
MPP3,-0.0895
EGF,-0.0895
TRAFD1,-0.0896
BCL9,-0.0896
DENND2C,-0.0896
AC087623.3,-0.0896
PAQR7,-0.0896
ARMCX4,-0.0896
AC087897.2,-0.0896
LETM2,-0.0897
ERICH6-AS1,-0.0897
HACE1,-0.0897
ZNF136,-0.0898
OAZ3,-0.0898
AC107375.1,-0.0898
ETFDH,-0.0898
AC073332.1,-0.0899
AC007878.1,-0.0899
EPOP,-0.09
ARHGAP39,-0.09
HOXA11-AS,-0.0901
FBXL19-AS1,-0.0901
FANCC,-0.0901
PRR19,-0.0901
ANKRD7,-0.0901
RAD52,-0.0902
AL121672.3,-0.0902
AL023803.2,-0.0902
C11orf95,-0.0902
DENND4A,-0.0903
IDI2-AS1,-0.0903
AC087289.5,-0.0903
GBGT1,-0.0903
VIPAS39,-0.0904
FAM174A,-0.0904
AC068491.3,-0.0904
CLTCL1,-0.0904
NDST4,-0.0904
ZNF765,-0.0905
TRMT44,-0.0905
PTPN21,-0.0905
CLIP3,-0.0905
ZNF805,-0.0905
ZNF776,-0.0905
SYCP2,-0.0905
TTC23,-0.0905
KLC3,-0.0906
KLF11,-0.0906
AKAP5,-0.0906
AC139718.1,-0.0907
FXYD1,-0.0907
CCDC121,-0.0907
LRAT,-0.0907
BTN3A1,-0.0907
LRRIQ3,-0.0907
ARHGAP27,-0.0907
MDH1B,-0.0907
AC008079.2,-0.0907
LRSAM1,-0.0908
SYNGAP1,-0.0908
ZNF577,-0.0908
AC016394.1,-0.0908
RABGAP1L,-0.0908
AL359915.2,-0.0909
CCDC146,-0.0909
AC106795.2,-0.0909
LCTL,-0.0909
CR381653.1,-0.091
AGTPBP1,-0.091
CFAP53,-0.0911
SLC9A6,-0.0911
AC145207.5,-0.0911
FICD,-0.0911
LTB4R,-0.0911
AL160006.1,-0.0911
CYP2R1,-0.0911
UNC13B,-0.0911
CASQ1,-0.0912
MDP1,-0.0912
OXCT2,-0.0912
CDK20,-0.0912
FRAT1,-0.0912
ERBB2,-0.0912
ZNF616,-0.0913
LARS2,-0.0913
ADPRM,-0.0913
HOXC-AS1,-0.0913
GSTA4,-0.0914
TTC33,-0.0914
SH3TC2-DT,-0.0914
AC004982.2,-0.0914
PDE10A,-0.0915
GPR137C,-0.0915
IER3-AS1,-0.0915
NDUFV2-AS1,-0.0915
FAM160A2,-0.0915
LHB,-0.0915
TM9SF1,-0.0916
CFHR1,-0.0917
RTN4IP1,-0.0917
C17orf97,-0.0917
GPC4,-0.0918
AC040162.1,-0.0918
LINC01963,-0.0918
CTCFL,-0.0918
CNTNAP1,-0.0918
WDR53,-0.0919
NGRN,-0.0919
AC026250.1,-0.0919
SCAMP5,-0.092
AC110615.1,-0.092
Z84485.1,-0.092
AGAP9,-0.092
ULK2,-0.092
AJM1,-0.0921
BAALC-AS1,-0.0921
MRM1,-0.0921
AC009902.2,-0.0921
SFMBT2,-0.0921
MFSD9,-0.0922
PLEKHG5,-0.0922
ANKRD6,-0.0922
PCDH10,-0.0922
AL162377.1,-0.0922
ASB13,-0.0923
EFCAB5,-0.0923
CASC2,-0.0923
KLRG1,-0.0923
RAB7B,-0.0924
ARL15,-0.0924
AC100821.2,-0.0924
AC074032.1,-0.0924
C19orf57,-0.0924
L3MBTL4,-0.0925
HIST1H2BI,-0.0925
PNCK,-0.0925
AL121658.1,-0.0925
ERAP2,-0.0926
EXPH5,-0.0926
KCNA2,-0.0926
U62317.3,-0.0927
TAF1A-AS1,-0.0927
KLHL6,-0.0928
RABL2A,-0.0928
ECHDC3,-0.0928
EPM2A,-0.0928
LPAR4,-0.0929
SLC25A27,-0.0929
MAPK8IP3,-0.0929
AL157938.2,-0.0929
ZRANB3,-0.093
SPATA24,-0.0931
ZNF565,-0.0931
AC004854.2,-0.0932
AL450326.1,-0.0933
WWC2-AS2,-0.0933
MTMR10,-0.0933
DLGAP1,-0.0933
TATDN2,-0.0933
MFSD4B,-0.0933
HERC3,-0.0934
RAB36,-0.0934
CMTM4,-0.0934
TBC1D2,-0.0934
AC107982.3,-0.0935
CDKAL1,-0.0935
AK1,-0.0935
TEF,-0.0935
BTN3A3,-0.0936
ALG11,-0.0936
AL132656.2,-0.0936
ITK,-0.0936
LINC02256,-0.0936
RFX2,-0.0936
PANX1,-0.0936
LINC00323,-0.0937
IDH1-AS1,-0.0937
CACFD1,-0.0937
ZNF543,-0.0937
RNF144B,-0.0938
ZCCHC4,-0.0938
FBXL19,-0.0938
FBXL17,-0.0938
GATA2,-0.0938
P2RY11,-0.0938
PRPH,-0.0939
RBM34,-0.0939
ETFBKMT,-0.0939
AC107959.1,-0.0939
MATN4,-0.0939
RALGDS,-0.0939
ZNF223,-0.0939
EIF5AL1,-0.0939
ZNF669,-0.0939
ATG4A,-0.094
SLC46A3,-0.094
TET3,-0.094
MAN1A1,-0.094
ZSCAN9,-0.0941
ZNF169,-0.0941
ZNF234,-0.0941
EPHA3,-0.0942
PIH1D2,-0.0942
LMF1,-0.0942
AC009509.4,-0.0942
SHPK,-0.0942
NHSL2,-0.0942
HDX,-0.0942
CCDC151,-0.0943
ZBTB3,-0.0943
AP001505.1,-0.0945
SOCS7,-0.0945
C11orf80,-0.0946
SCG3,-0.0946
WFS1,-0.0946
ZNF821,-0.0946
DRAXIN,-0.0946
AC068870.2,-0.0947
ZNF611,-0.0947
KMT5C,-0.0947
TRPM4,-0.0947
AP000547.3,-0.0948
SPAG16,-0.0949
AL022328.4,-0.0949
GYS1,-0.0949
AC005726.5,-0.095
FAM229A,-0.095
ZNF554,-0.095
CRTC1,-0.095
SRC,-0.095
GPR135,-0.0951
KIAA1211,-0.0951
HMGN3-AS1,-0.0951
AC008105.1,-0.0951
PROCA1,-0.0951
FIRRE,-0.0952
GJC3,-0.0952
USF1,-0.0952
PEX11A,-0.0952
AC091153.3,-0.0952
SFXN2,-0.0953
NUDT11,-0.0953
AGBL3,-0.0953
AP000866.1,-0.0953
CCNJL,-0.0953
IQCC,-0.0953
AC067750.1,-0.0953
TMEM220-AS1,-0.0954
KLHL13,-0.0954
CAHM,-0.0954
FABP6,-0.0954
SPRY4-AS1,-0.0954
AC078909.1,-0.0954
CORO1A,-0.0954
CREB3L4,-0.0955
MTRF1,-0.0955
MATR3.1,-0.0956
MX1,-0.0956
KDM4A-AS1,-0.0956
ZNF438,-0.0956
NUDT17,-0.0956
FERMT1,-0.0956
AC068446.2,-0.0956
OCRL,-0.0957
ENTPD1-AS1,-0.0957
C2orf42,-0.0957
TMEM74,-0.0957
SLC4A11,-0.0957
KLLN,-0.0958
AC012640.2,-0.0958
AC084018.2,-0.0958
SLC2A1-AS1,-0.0958
ZNF343,-0.0959
VAX2,-0.0959
TMEM254-AS1,-0.0959
C2CD4D,-0.0959
PLCE1,-0.0959
AP001453.4,-0.096
LINC01426,-0.096
AC016708.1,-0.096
NOTCH4,-0.096
STARD9,-0.096
AL133551.1,-0.0961
CDKL5,-0.0961
DGCR6,-0.0961
TEKT3,-0.0961
SLC9A5,-0.0961
FGF22,-0.0961
ZNF180,-0.0961
ZNF596,-0.0961
AL591895.1,-0.0961
PHF21B,-0.0961
AL138762.1,-0.0962
GPER1,-0.0962
ANXA2R,-0.0962
ZNF500,-0.0962
LRRC37A2,-0.0962
TMEM143,-0.0962
SLC44A3,-0.0963
AL021392.1,-0.0963
ZNF843,-0.0964
HOXD1,-0.0964
FAM178B,-0.0964
PTK7,-0.0964
ZBTB47,-0.0964
PANK4,-0.0965
ZNF304,-0.0965
LCMT2,-0.0965
TEC,-0.0965
RNASEL,-0.0965
FAM206A,-0.0966
AL451165.2,-0.0966
C19orf44,-0.0966
AL031432.3,-0.0966
AL356599.1,-0.0966
AC092903.2,-0.0966
HKDC1,-0.0967
HYAL3,-0.0967
PALM3,-0.0967
AL928921.2,-0.0968
ZNF503-AS2,-0.0968
AC068282.1,-0.0969
ZNF254,-0.0969
PRKD1,-0.0969
AL928654.1,-0.0969
GGACT,-0.0969
INPP5A,-0.097
AL390066.1,-0.097
FAM122C,-0.097
APC2,-0.097
ZSCAN16,-0.0971
ARF4-AS1,-0.0971
HOXA3,-0.0971
ZNF710,-0.0971
FOXD2,-0.0971
SLC12A6,-0.0972
IQSEC1,-0.0972
AC073335.2,-0.0972
AC142472.1,-0.0972
MED26,-0.0972
LRRC69,-0.0972
TMEM147-AS1,-0.0972
LRRC37A3,-0.0972
EVC,-0.0973
AL161729.1,-0.0973
AC097103.2,-0.0973
AL356512.1,-0.0973
ACAP1,-0.0974
ACSM3,-0.0974
TGFB3,-0.0975
AFDN-DT,-0.0975
LINC01597,-0.0975
ZNF219,-0.0975
SGPP1,-0.0975
ZNF510,-0.0975
MRPL38,-0.0976
PPP5D1,-0.0976
LINC00265,-0.0976
FBXO46,-0.0977
NOP9,-0.0977
L3MBTL1,-0.0977
ZNF816,-0.0977
PCDHB15,-0.0977
KLHL26,-0.0978
INAFM2,-0.0978
KCTD21,-0.0978
ZNF354B,-0.0978
WHRN,-0.0978
ZNF780B,-0.0978
GPR89B,-0.0979
TMSB15B.1,-0.0979
STARD5,-0.0979
MAP3K9,-0.0979
CCT6B,-0.0979
SH3GL3,-0.098
PRR4,-0.098
SERAC1,-0.098
ADAMTS13,-0.098
CAMKK1,-0.098
ZNF20,-0.098
TBC1D19,-0.098
AC012510.1,-0.098
SLC43A2,-0.0981
NIPAL2,-0.0981
ZNF614,-0.0981
EXD3,-0.0982
BARHL2,-0.0982
GPD1L,-0.0982
TPPP3,-0.0982
SMG8,-0.0982
DUS2,-0.0983
ZFP69B,-0.0983
AADAT,-0.0983
ZNF232,-0.0983
RAD51,-0.0983
AL590428.1,-0.0983
ZNF473,-0.0984
LYSMD1,-0.0984
SLC12A9-AS1,-0.0984
PCDHB2,-0.0984
FAM184B,-0.0984
BAHD1,-0.0984
AC055713.1,-0.0984
PAQR3,-0.0984
OTUD7A,-0.0984
AL008729.1,-0.0984
AC067735.1,-0.0985
GPR89A,-0.0985
AC006449.6,-0.0985
TAPT1-AS1,-0.0985
CENPVL3,-0.0985
TLE4,-0.0985
ABHD17B,-0.0986
ZNF211,-0.0986
LRRC56,-0.0986
AL606760.1,-0.0986
AC009309.1,-0.0986
CLCN2,-0.0986
ZNF584,-0.0987
KIF7,-0.0987
CA5B,-0.0987
ZNF250,-0.0987
SCAI,-0.0988
ZNF549,-0.0988
RBM20,-0.0989
SLC16A13,-0.0989
ZBTB33,-0.0989
AC027020.2,-0.0989
FAM198B,-0.0989
AC073389.1,-0.0989
FRY,-0.099
SLC29A2,-0.099
AC106782.2,-0.099
AC026471.4,-0.0991
MORC2-AS1,-0.0991
AL583810.1,-0.0991
AL441883.1,-0.0992
AC093495.1,-0.0992
TMEM9B-AS1,-0.0992
NEMP2,-0.0992
NKX6-1,-0.0992
TDRKH,-0.0992
MBOAT1,-0.0993
P2RX5,-0.0993
AFG1L,-0.0993
AC008014.1,-0.0993
STAT5B,-0.0993
CNTNAP3B,-0.0994
LIPE-AS1,-0.0994
RBMS2,-0.0995
AC004918.1,-0.0995
ATG9B,-0.0995
AC108134.2,-0.0995
AC004803.1,-0.0996
MRPS30-DT,-0.0996
AC100786.1,-0.0996
C19orf54,-0.0996
FUT4,-0.0996
TMEM176B,-0.0996
ZNF112,-0.0997
SH3BP5L,-0.0997
ZNF283,-0.0997
AL035461.2,-0.0998
BX890604.1,-0.0998
HFE,-0.0998
ZC3HAV1L,-0.0998
AC093297.2,-0.0999
SH3RF1,-0.1
CCDC69,-0.1001
LINC00601,-0.1001
KCTD1,-0.1001
ARL9,-0.1001
C15orf41,-0.1002
ZBTB34,-0.1002
CDKN2B-AS1,-0.1002
PLD2,-0.1002
AC004839.1,-0.1003
LINC00853,-0.1003
AL390729.1,-0.1003
AL450992.1,-0.1003
BCL2L2,-0.1003
USP35,-0.1003
HENMT1,-0.1004
ERFE,-0.1004
AC239868.2,-0.1004
CACNB1,-0.1004
SPTBN4,-0.1004
DAGLB,-0.1004
ZNF707,-0.1004
APLF,-0.1004
AP001160.3,-0.1004
ABHD1,-0.1005
AC007773.1,-0.1005
HLA-DMB,-0.1005
AL049543.1,-0.1006
CU638689.4,-0.1006
DISC1,-0.1006
PPM1M,-0.1007
TWSG1,-0.1007
TEP1,-0.1007
ZNF485,-0.1008
SEC24B,-0.1008
C12orf66,-0.1008
C1QTNF6,-0.1008
PIP5KL1,-0.1008
KDM4D,-0.1008
BX255925.3,-0.1008
LINC01134,-0.1008
ATRNL1,-0.1009
AC092115.3,-0.1009
AC007336.1,-0.1009
ZHX2,-0.101
ZNF774,-0.101
FARS2,-0.101
ZNF684,-0.1011
STK11IP,-0.1011
KLHL15,-0.1011
SLC26A4,-0.1011
CABP1,-0.1011
AC116424.1,-0.1011
HIST1H4D,-0.1011
SGK494,-0.1012
TMEM191B,-0.1012
AC116913.1,-0.1012
ZBTB25,-0.1012
ATXN7,-0.1012
SLC25A30,-0.1013
EFNB2,-0.1013
SEMA6C,-0.1013
MAB21L1,-0.1013
LRRC37B,-0.1014
AL132655.2,-0.1014
ZHX1-C8orf76,-0.1014
CAMK1,-0.1014
PPARD,-0.1014
AC098850.3,-0.1014
MANEA-DT,-0.1014
CGREF1,-0.1015
MED20,-0.1015
TRAF6,-0.1015
AC019205.1,-0.1015
SH3D21,-0.1015
SLC46A1,-0.1016
KIAA1614-AS1,-0.1016
TRPV4,-0.1017
AL117332.1,-0.1017
AREL1,-0.1018
AL080276.2,-0.1018
SLITRK5,-0.1018
SMPX,-0.1018
AC005837.1,-0.1019
AC118553.2,-0.1019
OPHN1,-0.1019
FP236315.1,-0.1019
AC015712.1,-0.1019
ZNF841,-0.1019
SEPSECS-AS1,-0.1019
GRHL1,-0.1019
SIMC1,-0.102
JAZF1-AS1,-0.102
PPP2R2B,-0.102
SLC45A4,-0.102
ZBTB39,-0.102
SLC25A14,-0.102
PLCG2,-0.1021
ZNF416,-0.1021
CCDC140,-0.1021
ZNF713,-0.1021
TSC22D1-AS1,-0.1021
CNKSR2,-0.1022
PIGO,-0.1022
NOMO1,-0.1023
BICRA,-0.1023
AC008966.1,-0.1023
USP3-AS1,-0.1023
AC233992.3,-0.1023
PFN4,-0.1024
MTRNR2L6,-0.1024
SEMA4G,-0.1024
KLC4,-0.1024
AC021321.1,-0.1025
LINC00337,-0.1025
AC112907.3,-0.1026
CLSTN3,-0.1026
AL135791.1,-0.1026
ARHGAP45,-0.1026
AP003486.1,-0.1026
FAM135A,-0.1026
FAM149A,-0.1027
ISL2,-0.1027
LINC00683,-0.1027
ZNF18,-0.1027
AL513550.1,-0.1027
ENTPD5,-0.1027
ZNF268,-0.1027
AMBRA1,-0.1028
FUT10,-0.1028
KBTBD6,-0.1028
SHLD3,-0.1028
TAS2R4,-0.1028
POMT1,-0.1029
GNB3,-0.103
BOLA2-SMG1P6,-0.103
GRAMD1C,-0.103
EPHX2,-0.103
HNRNPA1P48,-0.103
DIABLO.1,-0.103
GAL3ST4,-0.103
TUT1,-0.103
SLC37A1,-0.1031
C17orf49,-0.1031
PBX4,-0.1031
FOXP4,-0.1032
ZNF441,-0.1032
ZFP37,-0.1032
IPPK,-0.1032
AMER1,-0.1033
CYP3A5,-0.1033
HIST1H3A,-0.1033
RAB40C,-0.1033
AC096677.1,-0.1033
KDELC1,-0.1034
CDC37L1-DT,-0.1034
ZBTB49,-0.1034
ANKRD36B,-0.1034
CMC4,-0.1034
RNF208,-0.1034
TADA2A,-0.1034
ZNF850,-0.1035
DEPDC1-AS1,-0.1035
AL023806.1,-0.1035
CCDC157,-0.1035
UNC80,-0.1035
NBEAL2,-0.1035
LRRC1,-0.1035
DLG3,-0.1036
TAS2R14,-0.1037
HKR1,-0.1037
SNHG9,-0.1037
ARL17B,-0.1037
POU6F1,-0.1037
MVB12B,-0.1038
NIPSNAP3A,-0.1038
AC006946.2,-0.1038
BBOF1,-0.1038
TRMT2B,-0.1039
THAP10,-0.1039
DDTL,-0.104
PHF2,-0.1041
NPPA-AS1,-0.1041
TRDMT1,-0.1041
FLVCR2,-0.1041
KLHL14,-0.1041
ZNF248,-0.1041
FAM95B1,-0.1041
SLC43A1,-0.1041
LRRC3,-0.1041
AC009053.2,-0.1042
MOCOS,-0.1042
C1orf61,-0.1042
SPIN2B,-0.1042
FAM47E,-0.1042
ADAMTS3,-0.1042
C21orf62-AS1,-0.1043
SEC31B,-0.1043
AC010883.1,-0.1044
GRK4,-0.1044
FBXL22,-0.1045
ZNF227,-0.1045
ERMP1,-0.1045
TBC1D8-AS1,-0.1045
PATJ,-0.1045
TTC8,-0.1046
ACVR1B,-0.1046
COG8.1,-0.1046
ZNF285,-0.1046
AC007038.2,-0.1047
PKLR,-0.1047
MST1,-0.1047
TMEM182,-0.1047
AC018553.1,-0.1047
DDN-AS1,-0.1047
TYW1B,-0.1048
MTHFSD,-0.1048
AP000842.3,-0.1048
ZNF140,-0.1048
AL080317.2,-0.1049
AC068338.2,-0.1049
AC107959.4,-0.1049
RAPGEF6,-0.1049
ST20-AS1,-0.1049
GIN1,-0.1049
BMT2,-0.1049
AP003086.1,-0.1049
AC116667.1,-0.105
PPFIA4,-0.105
GLYCTK,-0.105
DUSP19,-0.105
PLCD1,-0.105
HSF2BP,-0.1051
SLC6A9,-0.1051
ZNF586,-0.1051
LINC00987,-0.1051
FBXO16,-0.1051
ANKMY1,-0.1052
RUBCNL,-0.1052
ZNF493,-0.1053
SHISA9,-0.1053
KTN1-AS1,-0.1053
KIF21B,-0.1053
AP000692.2,-0.1053
TMEM150C,-0.1053
AL022069.1,-0.1053
AC093627.4,-0.1054
FBXO38,-0.1054
LINC02018,-0.1054
EXTL3-AS1,-0.1054
LINC01465,-0.1054
TSTD3,-0.1055
ZNF2,-0.1055
HOMER2,-0.1055
ADAM19,-0.1055
TMEM145,-0.1055
C17orf82,-0.1056
SLC36A1,-0.1056
YY2,-0.1057
EGLN3,-0.1057
AC004816.1,-0.1057
UBE2Q2L,-0.1058
NOP2,-0.1058
AC138932.5,-0.1058
CBWD3,-0.1058
AC009318.3,-0.1058
FSD1L,-0.1058
FUK,-0.1059
RWDD2A,-0.1059
ZNF551,-0.1059
CDNF,-0.1059
MIR762HG,-0.1059
S1PR5,-0.106
TRIM36,-0.106
SIPA1L3,-0.106
CEBPB-AS1,-0.106
HOXB8,-0.106
VSIG8,-0.106
AC009148.1,-0.1061
IQCH-AS1,-0.1061
ZNF546,-0.1062
AC007228.2,-0.1062
KHNYN,-0.1062
SHROOM1,-0.1062
FSTL3,-0.1062
LRRC2,-0.1062
ZIC5,-0.1062
AL049794.1,-0.1062
ZNF558,-0.1062
ADAMTS7,-0.1063
ERVK9-11,-0.1063
UPRT,-0.1063
TBC1D30,-0.1063
NBPF20,-0.1063
AC023355.1,-0.1064
ALDH1A2,-0.1064
AC008443.5,-0.1064
AC074117.1,-0.1065
INCA1,-0.1065
SLC25A42,-0.1065
ZNF658,-0.1065
KIAA1958,-0.1065
Z98752.4,-0.1065
ASB3,-0.1066
AL163051.1,-0.1066
SLC25A20,-0.1066
AC008736.1,-0.1066
COL9A2,-0.1066
CCDC61,-0.1066
ZNF747,-0.1067
SLC14A2,-0.1067
ZNF182,-0.1067
GNAZ,-0.1067
ZNF324,-0.1068
UST,-0.1068
NKX2-8,-0.1068
LRRC46,-0.1068
ERCC8,-0.1068
PIK3C2B,-0.1069
HOXC13,-0.1069
LHX6,-0.1069
QSOX2,-0.1069
RNF43,-0.1069
AC016705.2,-0.1069
BEND3,-0.1069
ZNF624,-0.107
ANKRD31,-0.107
AP001160.2,-0.1071
CTIF,-0.1071
AC098864.1,-0.1071
SP4,-0.1071
S1PR2,-0.1071
CA13,-0.1072
ZNF222,-0.1072
RUSC1-AS1,-0.1072
AL162258.2,-0.1072
TIGD4,-0.1073
LINC02035,-0.1073
ATXN7.1,-0.1073
PSMD6-AS1,-0.1073
ZNF695,-0.1073
ZNF212,-0.1073
KLHL11,-0.1073
CHIC1,-0.1073
DEPDC4,-0.1074
AC002310.2,-0.1075
SLC25A21-AS1,-0.1075
ACOX3,-0.1075
AC016394.2,-0.1075
AP003900.1,-0.1075
AL157904.1,-0.1075
CLK2,-0.1075
PABPC3,-0.1075
HIST1H2BL,-0.1076
USP49,-0.1076
ZNF569,-0.1076
AL391832.2,-0.1076
ZNF23,-0.1077
KCNAB3,-0.1077
TSIX,-0.1077
USP27X,-0.1077
CLN3,-0.1077
LBHD1,-0.1078
CEP295NL,-0.1078
RBFOX3,-0.1078
EIF3C,-0.1078
IGIP,-0.1078
PPP1R13L,-0.1078
AC096992.2,-0.1079
DHRS13,-0.1079
AC107884.1,-0.1079
ZNF35,-0.1079
AL049840.2,-0.1079
ZFHX2,-0.1079
LINC01771,-0.1079
AP003119.2,-0.108
AC004846.2,-0.108
TPK1,-0.108
LINC02021,-0.108
CCDC120,-0.1081
TRIM6,-0.1081
ABCC10,-0.1081
TDRP,-0.1081
APBA3,-0.1081
NOP14-AS1,-0.1082
ZNF589,-0.1082
ZNF761,-0.1082
MORF4L2-AS1,-0.1082
ABCB9,-0.1083
AC022784.6,-0.1083
GTF2H2C,-0.1083
BOLA2B,-0.1083
WNT10B,-0.1084
ZFP82,-0.1084
FDXACB1,-0.1084
AC099850.1,-0.1085
USP46-AS1,-0.1085
AC092140.1,-0.1085
AC027307.3,-0.1085
FCF1,-0.1085
TRPV1,-0.1086
GMDS-DT,-0.1086
GAB3,-0.1086
RUBCN,-0.1086
LINC00240,-0.1086
AK9,-0.1086
ZNF853,-0.1087
AC006299.1,-0.1087
SLC16A5,-0.1087
TRIM58,-0.1087
AC092123.1,-0.1087
AC124283.1,-0.1087
MTCP1,-0.1087
CYP26B1,-0.1088
AC116407.2,-0.1088
PCDH9,-0.1088
C10orf88,-0.1088
TRPV3,-0.1089
RAP2C-AS1,-0.1089
LINC01293,-0.1089
BICRAL,-0.1089
TFR2,-0.1089
AC104653.1,-0.1089
ANKRD23,-0.109
TLR3,-0.109
AC137723.1,-0.109
AC020915.3,-0.109
MAN2B1,-0.1091
ZNF529,-0.1091
AC022306.2,-0.1091
KBTBD7,-0.1091
NMT2,-0.1091
ANKRD18B,-0.1092
AARS2,-0.1092
LINC01971,-0.1093
AC069544.1,-0.1093
APOM,-0.1093
GPR3,-0.1093
AC013470.2,-0.1094
MPV17L,-0.1094
AC010273.1,-0.1094
VASH1-AS1,-0.1094
TRIM45,-0.1095
TBCE.1,-0.1095
TRIM35,-0.1095
LINC01521,-0.1095
PIM2,-0.1095
ITGB4,-0.1095
TAS2R30,-0.1095
SAP25,-0.1096
ZNF670,-0.1096
ADAT3,-0.1096
AC026471.2,-0.1096
AC007040.2,-0.1096
DHDH,-0.1096
AL928970.1,-0.1096
ABHD15,-0.1097
AP000320.1,-0.1097
CACTIN,-0.1097
LINC00294,-0.1098
CPEB1-AS1,-0.1098
ISPD,-0.1098
PPP4R4,-0.1098
AC104794.2,-0.1098
RAB39A,-0.1099
SCOC-AS1,-0.1099
AC016027.1,-0.1099
ZFYVE26,-0.1099
CCDC180,-0.1099
AC245452.1,-0.1099
AP000704.1,-0.11
FKBP1C,-0.11
MIR5689HG,-0.11
AC010834.2,-0.11
CTPS2,-0.11
SLC35A1,-0.11
ADGRD2,-0.11
APBB3,-0.1101
AL034417.4,-0.1101
AC145285.6,-0.1101
USP2,-0.1101
SLC23A3,-0.1101
SETD1B,-0.1102
HMGN4,-0.1102
GOLGA8B,-0.1102
U2AF1,-0.1103
ZNF230,-0.1103
EFHD1,-0.1103
PRDM5,-0.1103
SARS2,-0.1103
ICA1L,-0.1103
OTX1,-0.1103
JMJD1C-AS1,-0.1104
LINC02160,-0.1104
PPM1H,-0.1104
AGBL2,-0.1104
ZNF71,-0.1104
AC009126.1,-0.1105
ZBED8,-0.1105
AC027130.1,-0.1105
CATSPER2,-0.1105
FBXL13,-0.1106
AC104984.3,-0.1106
AC026801.2,-0.1106
LINC00461,-0.1106
TRIM39,-0.1106
AC012360.1,-0.1106
KCNE1,-0.1107
HIST1H4I,-0.1107
PGAP3,-0.1107
AC104986.2,-0.1108
EFCAB9,-0.1108
AL591845.1,-0.1109
KCTD14,-0.1109
PHKA2,-0.1109
AL390728.6,-0.1109
RFESD,-0.111
SSC4D,-0.1111
DANT2,-0.1111
AC131009.2,-0.1112
RCBTB1,-0.1112
AC005070.3,-0.1112
DAPL1,-0.1113
PLAC1,-0.1113
TTC12,-0.1113
ADAM11,-0.1114
TPTEP2-CSNK1E,-0.1114
NPIPA1,-0.1114
CORO2A,-0.1114
EVC2,-0.1115
INHA,-0.1116
ARHGAP44,-0.1116
AC009961.1,-0.1116
AC118553.1,-0.1116
CRTAM,-0.1116
CCDC126,-0.1116
SNAI3-AS1,-0.1117
PANO1,-0.1117
ZNF440,-0.1117
LGI4,-0.1117
GPRASP2,-0.1117
MICB,-0.1117
MEIOC,-0.1117
CORO7,-0.1117
ATP6V0E2-AS1,-0.1118
USP21,-0.1118
PLGLB1,-0.1118
AC027702.1,-0.1119
SIX4,-0.112
CCZ1B,-0.112
AC005786.2,-0.112
DNAJB13,-0.112
NSUN6,-0.112
LINC01270,-0.1121
GMIP,-0.1121
AC005726.1,-0.1121
AC006012.1,-0.1122
POU5F2,-0.1122
ICOS,-0.1122
LPCAT4,-0.1123
AC024257.3,-0.1123
POC1B,-0.1123
AC022784.3,-0.1123
SESN1,-0.1123
MRO,-0.1123
GNG12-AS1,-0.1124
HYKK,-0.1124
LYPD3,-0.1124
GABARAP,-0.1125
C1GALT1C1L,-0.1125
AC114490.3,-0.1125
PLCB2,-0.1125
LLGL1,-0.1125
UBOX5,-0.1125
CXorf57,-0.1125
PEX12,-0.1125
CYFIP2,-0.1126
NR3C2,-0.1126
IKZF3,-0.1126
KIAA0895L,-0.1126
CDKL1,-0.1127
CCDC148,-0.1127
HEXA-AS1,-0.1127
ZNF449,-0.1127
DTX3,-0.1127
ZNF77,-0.1127
TXNDC16,-0.1128
BACE1-AS,-0.1128
MAP3K8,-0.1128
AKAP7,-0.1128
TUFT1,-0.1128
RAB24,-0.1128
PRDM15,-0.1129
TRIM3,-0.1129
PCDHGA10,-0.1129
HAUS4,-0.1129
PTK2B,-0.1129
AL359258.2,-0.1129
FGD3,-0.1129
AL359644.1,-0.113
AL450384.2,-0.113
AC097359.2,-0.113
CBS,-0.113
AP4S1,-0.1131
HIST1H2AJ,-0.1131
NCAM2,-0.1131
TMC3-AS1,-0.1131
AC005363.2,-0.1131
ZNF865,-0.1132
KYAT1,-0.1132
ICAM5,-0.1132
ZNF529-AS1,-0.1132
AC010226.1,-0.1133
AP003392.4,-0.1133
MCF2L-AS1,-0.1134
ZNF286A,-0.1134
ARHGAP28,-0.1134
LINC00630,-0.1134
PARP16,-0.1134
RNFT2,-0.1134
CYP46A1,-0.1135
ENPP5,-0.1135
ADSSL1,-0.1136
AL391069.3,-0.1136
AC092747.4,-0.1136
RAB42,-0.1136
AL592183.1,-0.1136
ARMC2,-0.1136
AC007786.1,-0.1137
CRLF1,-0.1137
ZC2HC1C,-0.1137
LINC01410,-0.1137
AC003102.1,-0.1137
PANK1,-0.1138
AL022341.1,-0.1139
GLB1L,-0.1139
FOXN3-AS1,-0.1139
DNM1P35,-0.1139
GORASP1,-0.114
AC018645.2,-0.114
DCAKD,-0.114
AP000251.1,-0.114
HIST1H4A,-0.1141
ADCK1,-0.1141
AC092279.1,-0.1141
PHLDB3,-0.1141
HCG20,-0.1141
ZNF724,-0.1142
SEPSECS,-0.1142
AC016588.2,-0.1142
B3GNT10,-0.1143
SCNN1A,-0.1143
SLC29A3,-0.1143
Z97205.2,-0.1143
GRIN2C,-0.1144
POMT2,-0.1144
AC067930.1,-0.1144
AC108463.3,-0.1144
RAPGEFL1,-0.1144
ZNF606,-0.1144
CP,-0.1144
C14orf28,-0.1144
LINC01772,-0.1145
KCNQ1OT1,-0.1145
ZKSCAN4,-0.1145
LDHD,-0.1145
GOLGA6L10,-0.1146
TTC4,-0.1146
AL022341.2,-0.1146
AL021920.1,-0.1146
ZNF483,-0.1146
FAM185A,-0.1146
AC087257.1,-0.1147
TMEM81,-0.1147
ZNF142,-0.1147
ZNF17,-0.1147
DTD2,-0.1148
AL354920.1,-0.1148
DPH1,-0.1148
Z68871.1,-0.1149
DND1,-0.1149
IL6R-AS1,-0.1149
PPARG,-0.1149
AC104389.4,-0.115
TEAD3,-0.115
AC010894.2,-0.115
AC009118.3,-0.115
HUS1B,-0.115
AC034111.1,-0.115
IBA57,-0.115
TMEM170B,-0.115
LINC01666,-0.115
AC010894.3,-0.115
LINC01703,-0.115
AC002116.2,-0.115
C3orf33,-0.1151
ARPIN,-0.1151
ZP3,-0.1151
ARMC5,-0.1151
AC017071.1,-0.1151
TSHR,-0.1152
BCDIN3D-AS1,-0.1152
AC124312.1,-0.1153
ALG10,-0.1153
GPR37,-0.1153
AC127496.5,-0.1153
SLCO2B1,-0.1153
ADM5,-0.1154
DCUN1D2,-0.1154
CES3,-0.1155
CLCN4,-0.1155
CD8A,-0.1155
NEK8,-0.1156
GOLGA6L4,-0.1156
OSR2,-0.1156
ZBTB45,-0.1156
LPAR2,-0.1156
AC010531.6,-0.1157
ZNF28,-0.1157
TMCO6,-0.1157
MEIG1,-0.1157
SLC30A4,-0.1158
AL590705.1,-0.1158
NIPAL1,-0.1158
AC005523.2,-0.1158
TMSB15B,-0.1158
U73166.1,-0.1158
ADNP-AS1,-0.1158
AL355075.4,-0.1159
LINC02352,-0.1159
LNX1,-0.1159
IL10RB-DT,-0.116
PCDHB5,-0.116
RP2,-0.116
TMPRSS2,-0.1161
ZNF284,-0.1161
AC009005.1,-0.1161
ZNF626,-0.1162
AC020765.2,-0.1162
LCAT,-0.1162
PRR36,-0.1162
AL121944.1,-0.1163
ZNF786,-0.1164
ZNF57,-0.1164
EXD2,-0.1164
GSTO2,-0.1164
C1orf220,-0.1164
Z83851.1,-0.1164
TBX18,-0.1164
SYT5,-0.1165
PRKX,-0.1165
THAP9,-0.1165
DDHD2,-0.1165
DET1,-0.1165
HSD17B6,-0.1165
PRIMA1,-0.1166
TMEM17,-0.1166
AC073896.2,-0.1166
ZNF14,-0.1167
Z82206.1,-0.1167
ZNF420,-0.1168
AC036222.1,-0.1168
TIGD2,-0.1168
ZNF839,-0.117
AL121603.2,-0.117
SMN1,-0.117
HOXA6,-0.117
USP6,-0.117
TMEM86B,-0.117
DAPK2,-0.117
IL12A,-0.1171
SRCIN1,-0.1171
AC009171.2,-0.1171
FRRS1,-0.1171
CNNM4,-0.1171
AC079305.1,-0.1172
SLC22A5,-0.1172
ZBTB14,-0.1172
ZNF571,-0.1172
TTC34,-0.1173
AC174065.1,-0.1173
KIAA0895,-0.1173
SENP8,-0.1173
ZC3H11A,-0.1174
AL162511.1,-0.1174
ELOVL7,-0.1174
DNAJC27-AS1,-0.1174
AC006059.1,-0.1174
AC137834.2,-0.1174
AC139720.1,-0.1174
FBXL18,-0.1175
MFSD2B,-0.1175
ZNF101,-0.1175
OSGEPL1-AS1,-0.1175
LINC01982,-0.1175
MTRNR2L11,-0.1176
ASAH2B,-0.1176
NKD1,-0.1176
ZNF45,-0.1176
LRRC8E,-0.1176
ZSCAN5A,-0.1176
HSD17B1,-0.1176
CUL9,-0.1177
GEMIN7-AS1,-0.1177
SCN2A,-0.1177
AL022238.2,-0.1178
STX17-AS1,-0.1179
PRRG2,-0.1179
NOMO3,-0.1179
ARSI,-0.1179
NIPSNAP3B,-0.118
ACVR2A,-0.118
MYO7A,-0.118
MIGA2,-0.118
AP006333.1,-0.118
SNHG4,-0.1181
RORA-AS1,-0.1181
AC108471.2,-0.1181
AC092835.1,-0.1181
AP001437.1,-0.1181
HOXB5,-0.1181
INTS6L,-0.1182
AC011815.1,-0.1182
AC008035.1,-0.1182
FDX2,-0.1183
SKIDA1,-0.1183
TMEM191C,-0.1183
AL132639.2,-0.1184
C5orf63,-0.1184
ZFP1,-0.1184
ZSCAN22,-0.1184
ZNF583,-0.1184
NYAP2,-0.1184
SEPT7-AS1,-0.1185
AC008946.1,-0.1185
BRWD1-AS2,-0.1185
AL592148.3,-0.1185
HCG25,-0.1185
MFAP3,-0.1186
HOTAIR,-0.1186
HEATR5A,-0.1186
AP3S2,-0.1186
AC017076.1,-0.1186
PRDM10,-0.1187
ANGPTL6,-0.1187
HESX1,-0.1187
ARVCF,-0.1187
OPLAH,-0.1187
ZNF319,-0.1188
RND1,-0.1188
AL359643.3,-0.1188
C2CD6,-0.1188
LCA5L,-0.1188
RNLS,-0.1189
PDIK1L,-0.1189
LYSMD4,-0.119
ALDH1A3,-0.1191
SH2D5,-0.1191
ZSCAN25,-0.1191
EMG1.1,-0.1191
MAGEE1,-0.1192
CDK3,-0.1192
AL158152.1,-0.1193
PARS2,-0.1194
AC009501.1,-0.1194
ZSCAN12,-0.1194
AL606760.3,-0.1194
DOK3,-0.1194
AL121672.2,-0.1194
UBA6-AS1,-0.1195
AC112487.1,-0.1195
ZNF548,-0.1195
SLC35G2,-0.1195
AC021054.1,-0.1195
AP003108.2,-0.1195
TSTD2,-0.1196
TNFRSF13C,-0.1196
AC138331.1,-0.1196
ANAPC2,-0.1196
ZNF556,-0.1196
AL031708.1,-0.1197
CD33,-0.1197
FAM78A,-0.1197
JADE3,-0.1197
ZNF749,-0.1197
ZNF280C,-0.1197
ZNF740,-0.1197
ZFAT,-0.1197
MYH3,-0.1197
EME2,-0.1197
PHEX,-0.1198
UBR5-AS1,-0.1199
AC010654.1,-0.1199
NXT2,-0.1199
BVES-AS1,-0.1199
AC090772.3,-0.1199
BTBD9,-0.12
BCO2,-0.12
ETV2,-0.12
AC022075.1,-0.1201
LINC01502,-0.1201
AP001318.2,-0.1201
AC125616.1,-0.1201
ZNF600,-0.1201
HOXC11,-0.1201
AC105760.2,-0.1201
ASTN2,-0.1201
CPLANE2,-0.1201
ZNF764,-0.1201
TM4SF1-AS1,-0.1201
LRIG3,-0.1201
LINC01063,-0.1202
AC009812.1,-0.1202
AC011498.1,-0.1203
AC127024.5,-0.1203
AC005253.1,-0.1204
ZNF691,-0.1204
AC007611.1,-0.1204
TSACC,-0.1204
ANO8,-0.1204
AL109936.6,-0.1205
RGMB-AS1,-0.1205
CNTN1,-0.1205
RAMP2,-0.1205
AC127521.1,-0.1206
ZXDB,-0.1206
NKX3-2,-0.1206
HAUS7,-0.1206
RAD21-AS1,-0.1207
CECR2,-0.1207
ZGLP1,-0.1207
AC132872.2,-0.1207
LINC01220,-0.1208
CAPS2,-0.1208
ZNF772,-0.1208
FREM1,-0.1209
AC069224.1,-0.1209
AC004490.1,-0.1209
PCDHGA12,-0.1209
TMEM62,-0.1209
MIR193BHG,-0.121
HCST,-0.121
LINC01534,-0.121
GTSE1-DT,-0.121
ENTPD7,-0.1211
ZC4H2,-0.1211
PRPF18,-0.1211
VPS33B-DT,-0.1211
NDUFA7,-0.1212
AL031848.2,-0.1212
LIX1L-AS1,-0.1212
FAM193B,-0.1213
SMCR5,-0.1213
AL353708.1,-0.1214
NDUFB2-AS1,-0.1214
AC007114.2,-0.1214
AC012073.1,-0.1214
FUT8-AS1,-0.1214
AC000068.1,-0.1215
AL136018.1,-0.1215
AC087500.1,-0.1215
ZNF79,-0.1215
CPEB3,-0.1216
TSSK3,-0.1217
CA5A,-0.1218
COL25A1,-0.1218
JAKMIP3,-0.1219
HHAT,-0.1219
ZNF823,-0.1219
AL513314.2,-0.1219
SLX1A,-0.122
AC025171.2,-0.122
AC002553.2,-0.1221
AL117382.1,-0.1221
ADPRH,-0.1221
WDR66,-0.1221
AC130343.2,-0.1221
AC138028.1,-0.1221
AL360270.3,-0.1222
ZNF627,-0.1222
PRNCR1,-0.1222
AC245060.6,-0.1222
AP000253.1,-0.1222
FMO4,-0.1222
FAM53A,-0.1223
ZNF235,-0.1223
AC004540.1,-0.1223
AC108125.1,-0.1224
CYP39A1,-0.1224
SDHAF4,-0.1225
SERHL2,-0.1225
AF233439.1,-0.1225
AL136040.1,-0.1226
PARP11,-0.1226
TEX19,-0.1226
IL7,-0.1227
CYP4F8,-0.1227
ZNF517,-0.1227
ZNF490,-0.1228
PPIP5K1,-0.1228
TRAPPC13,-0.1228
AL445228.2,-0.1229
TMEM216,-0.1229
TRPM3,-0.1229
INPP5E,-0.1229
NDOR1,-0.1229
MB21D2,-0.123
ZNF341,-0.123
C1orf74,-0.1231
AP003100.1,-0.1231
ZNF432,-0.1231
AC022211.2,-0.1231
ZNF555,-0.1232
LINC00638,-0.1232
SRCAP,-0.1232
MAMSTR,-0.1232
Z92544.1,-0.1232
AC018413.1,-0.1233
ZSWIM1,-0.1234
GTDC1,-0.1234
LINC01641,-0.1234
RHPN1-AS1,-0.1234
PITX2,-0.1235
FALEC,-0.1235
AC015813.2,-0.1236
AC009065.4,-0.1236
FAM83F,-0.1237
AC005790.1,-0.1237
AC092117.1,-0.1238
ZNF396,-0.1238
ZNF410,-0.1239
OR2B11,-0.1239
AP003352.1,-0.124
KIF9-AS1,-0.124
COX16,-0.124
VAMP8,-0.1241
UNC13A,-0.1241
AC021028.1,-0.1241
LINC01560,-0.1241
C11orf45,-0.1241
AL445686.2,-0.1242
AP001062.1,-0.1242
PPM1J,-0.1242
KCNK6,-0.1242
ATP6V1B1-AS1,-0.1243
AC011447.3,-0.1244
ELMO3,-0.1244
AC012645.1,-0.1244
KCNG3,-0.1244
AL031673.1,-0.1244
ZNF585A,-0.1244
AC015802.6,-0.1245
Z95114.1,-0.1246
COL26A1,-0.1246
ZNF547,-0.1247
HIST1H3I,-0.1247
AC107214.1,-0.1247
CCDC144NL,-0.1248
LINC02166,-0.1248
SPTY2D1OS,-0.1249
AC073508.3,-0.1249
AC009133.1,-0.1249
INO80B,-0.125
NAIF1,-0.1252
C8orf37,-0.1252
NPIPB4,-0.1252
ARHGEF25,-0.1253
AC009686.2,-0.1253
AC012467.2,-0.1253
TMEM241,-0.1254
TCEANC,-0.1254
AC015917.2,-0.1254
STKLD1,-0.1255
LRP2BP,-0.1255
ZNF782,-0.1255
TRIM68,-0.1255
TADA1,-0.1255
ZNF641,-0.1256
FAM182B,-0.1256
ZNF527,-0.1256
AC137932.3,-0.1256
LINC00471,-0.1256
B3GALT1,-0.1256
CSNK2A3,-0.1256
QPCTL,-0.1256
ACSL6,-0.1256
MTRNR2L4,-0.1257
AL136454.1,-0.1258
LINC01424,-0.1258
KIAA0513,-0.1259
CDAN1,-0.1259
ZNF530,-0.1259
AC084809.1,-0.126
AL024507.2,-0.126
ZNF484,-0.1261
AC090825.1,-0.1262
FBXO15,-0.1262
TPTE,-0.1262
AC007950.2,-0.1263
CBWD2,-0.1263
AL133346.1,-0.1263
AC010809.2,-0.1263
AC130650.2,-0.1266
AC007495.1,-0.1266
SERF1A,-0.1266
TACR2,-0.1266
AC068620.1,-0.1266
AC118758.3,-0.1267
ZNF225,-0.1267
PSPN,-0.1268
AC068768.1,-0.1268
TUBB3,-0.1269
SETMAR,-0.1269
AC008494.3,-0.127
AC069360.1,-0.1271
AC092287.1,-0.1271
AC053527.1,-0.1271
ZBTB26,-0.1271
AC073610.3,-0.1271
PRSS36,-0.1273
AC015726.1,-0.1273
BX004987.1,-0.1273
ZNF346,-0.1273
GPR63,-0.1273
ZFP69,-0.1274
MSH5,-0.1274
P2RY1,-0.1275
DNM3,-0.1275
CARMIL3,-0.1276
ZNF674,-0.1276
FLT3LG,-0.1277
AC008622.2,-0.1277
ZIC4,-0.1278
POMK,-0.1279
RNASEH2B-AS1,-0.1279
ZNF573,-0.128
AL356481.1,-0.128
AC004494.1,-0.128
TRO,-0.1281
AP001469.3,-0.1281
AC090510.1,-0.1282
C11orf65,-0.1282
AC096642.1,-0.1282
PRSS16,-0.1282
ZNF501,-0.1282
AP006565.1,-0.1282
ZNF653,-0.1282
PROM1,-0.1282
AC012557.2,-0.1283
AL445250.1,-0.1283
SMN2,-0.1283
KCNMB3,-0.1283
AL080317.3,-0.1283
TIRAP,-0.1283
PAM16,-0.1284
AC096536.1,-0.1284
PPM1E,-0.1285
ZNF814,-0.1286
SNHG25,-0.1286
ZC3H11B,-0.1286
DLGAP4-AS1,-0.1286
SNX22,-0.1287
AC008393.1,-0.1287
SHANK1,-0.1287
AC100814.1,-0.1287
AP000787.1,-0.1288
MCIDAS,-0.1288
AL162274.2,-0.1289
TTLL11,-0.1289
AC005840.2,-0.1289
DLG2,-0.1289
ZNF221,-0.1289
KLHL25,-0.129
OR2AT4,-0.129
GLUD2,-0.129
RPP21,-0.1291
SLC19A3,-0.1292
LINC00997,-0.1292
AC007325.4,-0.1292
WNT2B,-0.1292
TBC1D22B,-0.1293
AL731569.1,-0.1293
VILL,-0.1294
AC009118.2,-0.1294
SGSM3,-0.1294
CU638689.5,-0.1294
AC108002.1,-0.1294
FOXD2-AS1,-0.1295
NUDT13,-0.1295
ZNF564,-0.1296
AC093525.6,-0.1296
RALGPS1,-0.1297
USP30,-0.1298
AC097468.3,-0.1298
RIPPLY2,-0.1298
AGER,-0.1298
AC105383.1,-0.1298
ZNF429,-0.1298
AL035078.1,-0.1299
AC112493.1,-0.1299
ZNF165,-0.1299
AC087241.3,-0.1301
AC127070.1,-0.1301
STX18-AS1,-0.1301
SLC7A7,-0.1301
AC108673.3,-0.1301
FBXO24,-0.1301
NAT1,-0.1301
ZNF700,-0.1302
AC073352.2,-0.1304
ACTRT3,-0.1304
ZFP92,-0.1304
AP001453.1,-0.1304
BSCL2,-0.1305
UPK1A,-0.1307
EDC4,-0.1307
STK24-AS1,-0.1307
AL358075.2,-0.1308
FAM86B2,-0.1308
SPART-AS1,-0.1309
LINC01483,-0.1309
ALG9,-0.131
FAM149B1,-0.131
MAMDC4,-0.131
AL355488.1,-0.1311
LINC02163,-0.1311
AC007383.3,-0.1312
ZCCHC18,-0.1312
AC005034.3,-0.1312
FLG-AS1,-0.1312
ATXN7L2,-0.1312
AC011603.2,-0.1313
ZNF256,-0.1313
SLC1A2,-0.1313
AP000350.7,-0.1313
AC073896.3,-0.1313
AC002454.1,-0.1314
PYDC2,-0.1314
AC090229.1,-0.1314
MOCS1,-0.1314
CIRBP-AS1,-0.1315
AP004609.3,-0.1315
GPR85,-0.1315
DISP2,-0.1316
HOXA11,-0.1317
RAB4B,-0.1317
DDX25,-0.1317
AL022322.2,-0.1317
AC092164.1,-0.1317
AC005037.1,-0.1318
AP001496.2,-0.1318
C9orf43,-0.1319
AL359921.1,-0.132
AC006213.2,-0.132
SH2D3A,-0.132
MTRNR2L13,-0.132
AP001432.1,-0.132
FP565260.1,-0.132
TMC4,-0.1321
AC010680.3,-0.1321
ZNF585B,-0.1323
CXCL14,-0.1323
AL031663.3,-0.1323
AC096733.2,-0.1324
AC125807.2,-0.1324
TRIM62,-0.1324
NRL,-0.1324
NCDN,-0.1325
AC011043.1,-0.1325
SH3BP5-AS1,-0.1325
LPAR6,-0.1325
AKR1E2,-0.1325
ZNF667,-0.1326
VPS33B,-0.1328
AC027601.3,-0.133
SLC51A,-0.1331
KIAA0391,-0.1332
CDC42BPG,-0.1332
AL137077.2,-0.1332
MTRNR2L7,-0.1332
B3GNT9,-0.1332
WDR17,-0.1333
HOXA1,-0.1333
AL161756.1,-0.1333
ZGPAT,-0.1334
SPIB,-0.1335
AL133338.1,-0.1335
KDM8,-0.1336
AC127070.2,-0.1337
HIST1H4F,-0.1337
ATP5MGL,-0.1337
Z95114.4,-0.1339
TAS2R31,-0.134
FRS3,-0.134
DCST1-AS1,-0.134
AC025682.1,-0.134
AC092902.3,-0.1341
CRHBP,-0.1341
MTFP1,-0.1342
DAGLA,-0.1342
TMSB15B-AS1,-0.1343
AL121601.1,-0.1343
HOXD3,-0.1344
C7orf25,-0.1346
STS,-0.1346
AL357079.1,-0.1346
AC020910.4,-0.1347
SLC25A25-AS1,-0.1347
SUMO4,-0.1348
AL359921.2,-0.1348
OR7A17,-0.1348
ZNF233,-0.1348
AF129075.2,-0.1349
AC019131.2,-0.1349
GNG10,-0.1349
LINC01909,-0.135
RWDD3,-0.1351
AC093525.7,-0.1351
AL929472.2,-0.1351
H3F3C,-0.1353
AC097461.1,-0.1353
NEIL1,-0.1353
ZNF619,-0.1354
ZNF784,-0.1354
AL080250.1,-0.1355
RPA4,-0.1356
AC006213.1,-0.1357
RGS9BP,-0.1358
AL033527.5,-0.1358
ZNF792,-0.136
CCNT2-AS1,-0.136
TRAPPC5,-0.1361
ZNF25,-0.1362
ACOT11,-0.1363
DNLZ,-0.1363
AC009088.1,-0.1363
AMACR,-0.1364
C9orf147,-0.1364
UBAP1L,-0.1364
AC005224.1,-0.1366
GPR82,-0.1366
AL139353.1,-0.1368
AL136531.1,-0.1369
ZKSCAN3,-0.137
RPL10L,-0.1371
SPATA6L,-0.1372
AL365205.1,-0.1372
LINC01126,-0.1372
ACY1,-0.1375
PHYHIP,-0.1375
EIF3CL,-0.1375
PIK3R2,-0.1377
TBCCD1,-0.1379
TMEM202-AS1,-0.138
ZNF677,-0.138
AC067930.3,-0.1382
GHRL,-0.1382
SYT12,-0.1382
EIF2S3B,-0.1384
PLEKHD1,-0.1385
AC090360.1,-0.1388
U2AF1L5,-0.1389
AC037487.1,-0.139
AC027796.3,-0.1391
CHKB,-0.1395
ZNF572,-0.1396
DYRK1B,-0.1398
HNRNPA1L2,-0.1399
Z82217.1,-0.14
AC079174.2,-0.1407
AC107068.1,-0.141
AC068631.1,-0.1411
C11orf98,-0.1412
ATXN8OS,-0.1422
ZNF852,-0.1424
